poi_id,terminal_code,terminal_name,venue_id,floor_id,floor_name,floor_level,name_vi,name_en,name_origin,lat,lng,type_id,type_name,categories,phone,website,open_close_at,status,img_logo
420370496161,T1,Ga Nội Địa T1,420321697272,420322446262,F0 - Arrival|Checkin,0,,,,10.814515969431,106.66268831652,0,,,,,,available,
420364750101,T1,Ga Nội Địa T1,420321697272,420322446363,F1 - Departure,1,+84 Bakery,+84 Bakery,+84 Bakery,10.812703860191,106.66171552539,18,node-poi,8,+84 28 3848 5634,http://tansonnhatairport.vn/,24 Hours,available,https://mapper-images-singapore.s3-ap-southeast-1.amazonaws.com/seedpoi/logos/company15/23709031471735028758.png
420364783232,T2,Ga Quốc Tế T2,420321697575,420322445959,F2 - Departure,2,+84 Cafe,+84 Cafe,+84 Cafe,10.81612125314,106.66467189789,18,node-poi,8,+84 28 3848 5634,http://tansonnhatairport.vn/,24 Hours,available,https://mapper-images-singapore.s3-ap-southeast-1.amazonaws.com/seedpoi/logos/company15/5814813041735028728.png
420364799797,T2,Ga Quốc Tế T2,420321697575,420322445656,F0 - Arrival,0,+84 Cafe,+84 Cafe,+84 Cafe,10.816019163993,106.66450057179,18,node-poi,8,+84 28 3844 8358,http://www.sasco.com.vn/,24 Hours,available,https://mapper-images-singapore.s3-ap-southeast-1.amazonaws.com/seedpoi/logos/company15/11795443461735028730.png
420364758383,T1,Ga Nội Địa T1,420321697272,420322446262,F0 - Arrival|Checkin,0,+84Cafe,+84Cafe,+84Cafe,10.813665187566,106.66248144301,18,node-poi,8,+84 28 3848 5634,http://tansonnhatairport.vn/,24 Hours,available,https://mapper-images-singapore.s3-ap-southeast-1.amazonaws.com/seedpoi/logos/company15/23708613801735028756.png
420364756666,T1,Ga Nội Địa T1,420321697272,420322446363,F1 - Departure,1,7 Colors,7 Colors,7 Colors,10.813965100388,106.66181482235,18,node-poi,3,+84 28 3848 5634,http://tansonnhatairport.vn/,24 Hours,available,https://mapper-images-singapore.s3-ap-southeast-1.amazonaws.com/seedpoi/logos/company15/18582434881735028757.png
420371991212,T3,Ga Nội Địa T3,420321772424,420322474848,F3 - Departure,3,An Ninh-Soi Chiếu,Security Screening,An Ninh-Soi Chiếu,10.812009396328,106.65351914101,42,poi-passport-control,,,,,available,
420372013232,T3,Ga Nội Địa T3,420321772424,420322474848,F3 - Departure,3,An Ninh-Soi Chiếu VIP,VIP Security Screening,An Ninh-Soi Chiếu VIP,10.812501982016,106.6549645097,42,poi-passport-control,,,,,available,
420364713838,SGN_CAMPUS,Khuôn Viên Sân Bay (Tổng quan),420321697474,420322445353,F1,1,Bãi Đậu Xe,Parking Lot,Bãi Đậu Xe,10.814901450215,106.66442245245,13,poi-self-parking,,+84 838 48 5383,tansonnhatairport.vn,24 Hours,available,
420364797070,T2,Ga Quốc Tế T2,420321697575,420322445656,F0 - Arrival,0,Băng Chuyền Nhận Hành Lý,Baggage Claim,Băng Chuyền Nhận Hành Lý,10.816222920725,106.66358800176,30,poi-baggage-claim,,+84 28 3848 5634,http://tansonnhatairport.vn/,24 Hours,available,
420364797171,T2,Ga Quốc Tế T2,420321697575,420322445656,F0 - Arrival,0,Băng Chuyền Nhận Hành Lý,Baggage Claim,Băng Chuyền Nhận Hành Lý,10.816282321753,106.6637469436,30,poi-baggage-claim,,+84 28 3848 5634,http://tansonnhatairport.vn/,24 Hours,available,
420364796868,T2,Ga Quốc Tế T2,420321697575,420322445656,F0 - Arrival,0,Băng Chuyền Nhận Hành Lý,Baggage Claim,Băng Chuyền Nhận Hành Lý,10.816362531719,106.66396356063,30,poi-baggage-claim,,+84 28 3848 5634,http://tansonnhatairport.vn/,24 Hours,available,
420364796969,T2,Ga Quốc Tế T2,420321697575,420322445656,F0 - Arrival,0,Băng Chuyền Nhận Hành Lý,Baggage Claim,Băng Chuyền Nhận Hành Lý,10.816440703928,106.66417708961,30,poi-baggage-claim,,+84 28 3848 5634,http://tansonnhatairport.vn/,24 Hours,available,
420364797474,T2,Ga Quốc Tế T2,420321697575,420322445656,F0 - Arrival,0,Băng Chuyền Nhận Hành Lý,Baggage Claim,Băng Chuyền Nhận Hành Lý,10.816522663216,106.66438801251,30,poi-baggage-claim,,+84 28 3848 5634,http://tansonnhatairport.vn/,24 Hours,available,
420364797575,T2,Ga Quốc Tế T2,420321697575,420322445656,F0 - Arrival,0,Băng Chuyền Nhận Hành Lý,Baggage Claim,Băng Chuyền Nhận Hành Lý,10.816585892521,106.6645502652,30,poi-baggage-claim,,+84 28 3848 5634,http://tansonnhatairport.vn/,24 Hours,available,
420364796666,T2,Ga Quốc Tế T2,420321697575,420322445656,F0 - Arrival,0,Băng Chuyền Nhận Hành Lý,Baggage Claim,Băng Chuyền Nhận Hành Lý,10.816165166283,106.66342975143,30,poi-baggage-claim,,+84 28 3848 5634,http://tansonnhatairport.vn/,24 Hours,available,
420364796767,T2,Ga Quốc Tế T2,420321697575,420322445656,F0 - Arrival,0,Băng Chuyền Nhận Hành Lý,Baggage Claim,Băng Chuyền Nhận Hành Lý,10.816649903947,106.66471182638,30,poi-baggage-claim,,+84 28 3848 5634,http://tansonnhatairport.vn/,24 Hours,available,
420364789696,T1,Ga Nội Địa T1,420321697272,420322446262,F0 - Arrival|Checkin,0,Băng Chuyền Nhận Hành Lý,Baggage Claim,Băng Chuyền Nhận Hành Lý,10.813330374432,106.66178280148,30,poi-baggage-claim,,+84 28 3848 5634,http://tansonnhatairport.vn/,24 Hours,available,
420364789797,T1,Ga Nội Địa T1,420321697272,420322446262,F0 - Arrival|Checkin,0,Băng Chuyền Nhận Hành Lý,Baggage Claim,Băng Chuyền Nhận Hành Lý,10.813664461131,106.6618162719,30,poi-baggage-claim,,+84 28 3848 5634,http://tansonnhatairport.vn/,24 Hours,available,
420364790202,T1,Ga Nội Địa T1,420321697272,420322446262,F0 - Arrival|Checkin,0,Băng Chuyền Nhận Hành Lý,Baggage Claim,Băng Chuyền Nhận Hành Lý,10.814084502394,106.66184616609,30,poi-baggage-claim,,+84 28 3848 5634,http://tansonnhatairport.vn/,24 Hours,available,
420364790303,T1,Ga Nội Địa T1,420321697272,420322446262,F0 - Arrival|Checkin,0,Băng Chuyền Nhận Hành Lý,Baggage Claim,Băng Chuyền Nhận Hành Lý,10.813445562561,106.66178867539,30,poi-baggage-claim,,+84 28 3848 5634,http://tansonnhatairport.vn/,24 Hours,available,
420364790000,T1,Ga Nội Địa T1,420321697272,420322446262,F0 - Arrival|Checkin,0,Băng Chuyền Nhận Hành Lý,Baggage Claim,Băng Chuyền Nhận Hành Lý,10.813553005567,106.66180162272,30,poi-baggage-claim,,+84 28 3848 5634,http://tansonnhatairport.vn/,24 Hours,available,
420364790101,T1,Ga Nội Địa T1,420321697272,420322446262,F0 - Arrival|Checkin,0,Băng Chuyền Nhận Hành Lý,Baggage Claim,Băng Chuyền Nhận Hành Lý,10.814203288844,106.66185501743,30,poi-baggage-claim,,+84 28 3848 5634,http://tansonnhatairport.vn/,24 Hours,available,
420371997272,T3,Ga Nội Địa T3,420321772424,420322475151,F2 - Arrival,2,Băng chuyền nhận hành lý 01,Baggage carousel 01,Băng chuyền nhận hành lý 01,10.811531135464,106.65299802795,30,poi-baggage-claim,,,,,available,
420371997373,T3,Ga Nội Địa T3,420321772424,420322475151,F2 - Arrival,2,Băng chuyền nhận hành lý 02,Baggage carousel 02,Băng chuyền nhận hành lý 02,10.811609894975,106.65320171114,30,poi-baggage-claim,,,,,available,
420371997878,T3,Ga Nội Địa T3,420321772424,420322475151,F2 - Arrival,2,Băng chuyền nhận hành lý 03,Baggage carousel 03,Băng chuyền nhận hành lý 03,10.811692950659,106.65340265892,30,poi-baggage-claim,,,,,available,
420371997979,T3,Ga Nội Địa T3,420321772424,420322475151,F2 - Arrival,2,Băng chuyền nhận hành lý 04,Baggage carousel 04,Băng chuyền nhận hành lý 04,10.811776309957,106.65361193636,30,poi-baggage-claim,,,,,available,
420371997777,T3,Ga Nội Địa T3,420321772424,420322475151,F2 - Arrival,2,Băng chuyền nhận hành lý 05,Baggage carousel 05,Băng chuyền nhận hành lý 05,10.811845998931,106.65381572341,30,poi-baggage-claim,,,,,available,
420371998181,T3,Ga Nội Địa T3,420321772424,420322475151,F2 - Arrival,2,Băng chuyền nhận hành lý 06,Baggage carousel 06,Băng chuyền nhận hành lý 06,10.811923637165,106.65402106334,30,poi-baggage-claim,,,,,available,
420371995555,T3,Ga Nội Địa T3,420321772424,420322475151,F2 - Arrival,2,Băng chuyền nhận hành lý 07,Baggage carousel 07,Băng chuyền nhận hành lý 07,10.812002885158,106.65423011858,30,poi-baggage-claim,,,,,available,
420371995858,T3,Ga Nội Địa T3,420321772424,420322475151,F2 - Arrival,2,Băng chuyền nhận hành lý 08,Baggage carousel 08,Băng chuyền nhận hành lý 08,10.812075106094,106.65443207257,30,poi-baggage-claim,,,,,available,
420371995959,T3,Ga Nội Địa T3,420321772424,420322475151,F2 - Arrival,2,Băng chuyền nhận hành lý 09,Baggage carousel 09,Băng chuyền nhận hành lý 09,10.812154668812,106.6546433773,30,poi-baggage-claim,,,,,available,
420371996060,T3,Ga Nội Địa T3,420321772424,420322475151,F2 - Arrival,2,Băng chuyền nhận hành lý 10,Baggage carousel 10,Băng chuyền nhận hành lý 10,10.812228527975,106.65484927876,30,poi-baggage-claim,,,,,available,
420364789595,T1,Ga Nội Địa T1,420321697272,420322446262,F0 - Arrival|Checkin,0,banhmikep,banhmikep,banhmikep,10.814824583171,106.66246621152,18,node-poi,"8,18",+84 28 3848 5634,http://tansonnhatairport.vn/,24 Hours,available,https://mapper-images-singapore.s3-ap-southeast-1.amazonaws.com/seedpoi/logos/company15/18562595621735028755.png
420371719696,T3,Ga Nội Địa T3,420321772424,420322475151,F2 - Arrival,2,Big Bow,Big Bow,Big Bow,10.811834386758,106.65285878977,18,node-poi,,,,,available,https://mapper-images-singapore.s3-ap-southeast-1.amazonaws.com/seedpoi/logos/company15/17494357196696682.png
420364779595,T2,Ga Quốc Tế T2,420321697575,420322445959,F2 - Departure,2,Big Bowl,Big Bowl,Big Bowl,10.815924162274,106.66412914228,18,node-poi,8,+84 28 3848 5634,http://tansonnhatairport.vn/,24 Hours,available,https://mapper-images-singapore.s3-ap-southeast-1.amazonaws.com/seedpoi/logos/company15/11806343651735028728.png
420364753939,T1,Ga Nội Địa T1,420321697272,420322446363,F1 - Departure,1,Big Bowl,Big Bowl,Big Bowl,10.81333135133,106.66196145804,18,node-poi,8,+84 28 3848 5634,http://bigbowl.com/,24 Hours,available,https://mapper-images-singapore.s3-ap-southeast-1.amazonaws.com/seedpoi/logos/company15/18583231771735028757.png
420364799696,T2,Ga Quốc Tế T2,420321697575,420322445656,F0 - Arrival,0,Big Bowl,Big Bowl,Big Bowl,10.815836283005,106.664017444,18,node-poi,8,+84 28 3848 5634,http://tansonnhatairport.vn/,6AM - 11:45PM,available,https://mapper-images-singapore.s3-ap-southeast-1.amazonaws.com/seedpoi/logos/company15/11795366681735028730.png
420364791818,T1,Ga Nội Địa T1,420321697272,420322446262,F0 - Arrival|Checkin,0,Big Bowl,Big Bowl,Big Bowl,10.814913707905,106.66247308452,18,node-poi,8,+84 28 3848 5634,http://tansonnhatairport.vn/,24 Hours,available,https://mapper-images-singapore.s3-ap-southeast-1.amazonaws.com/seedpoi/logos/company15/18561017691735028755.png
420371999696,T3,Ga Nội Địa T3,420321772424,420322475151,F2 - Arrival,2,Bigbow,Bigbow,Bigbow,10.811364978596,106.65327104409,18,node-poi,,,,,available,https://mapper-images-singapore.s3-ap-southeast-1.amazonaws.com/seedpoi/logos/company15/17478819918528512.png
420364779292,T2,Ga Quốc Tế T2,420321697575,420322445959,F2 - Departure,2,Buger King,Buger King,Buger King,10.81614002437,106.66472151876,18,node-poi,8,+84 28 3848 5634,http://tansonnhatairport.vn/,24 Hours,available,https://mapper-images-singapore.s3-ap-southeast-1.amazonaws.com/seedpoi/logos/company15/11806482861735028728.png
420364795151,T2,Ga Quốc Tế T2,420321697575,420322445656,F0 - Arrival,0,Buồng Tắm,Shower,Buồng Tắm,10.817674115296,106.6661071208,18,node-poi,,+84 28 3848 5634,http://tansonnhatairport.vn/,24 Hours,available,https://mapper-images-singapore.s3-ap-southeast-1.amazonaws.com/seedpoi/logos/company15/2969542721735028730.png
420364755252,T1,Ga Nội Địa T1,420321697272,420322446363,F1 - Departure,1,Burger King,Burger King,Burger King,10.814117664946,106.66236519814,18,node-poi,"8,18",+84 90 933 19 55,http://burgerking.dk/,5AM-9PM,available,https://mapper-images-singapore.s3-ap-southeast-1.amazonaws.com/seedpoi/logos/company15/18579518501735028757.png
420364778080,T2,Ga Quốc Tế T2,420321697575,420322445959,F2 - Departure,2,Burkery,Burkery,Burkery,10.817005850592,106.66407151563,18,node-poi,,+84 28 3848 5634,http://tansonnhatairport.vn/,24 Hours,available,https://mapper-images-singapore.s3-ap-southeast-1.amazonaws.com/seedpoi/logos/company15/17286325641735028728.png
420364777575,T2,Ga Quốc Tế T2,420321697575,420322445959,F2 - Departure,2,Bưu Điện,Post Office,Bưu Điện,10.816044622184,106.66429768169,18,node-poi,20,+84 28 3848 5634,http://tansonnhatairport.vn/,24 Hours,available,https://mapper-images-singapore.s3-ap-southeast-1.amazonaws.com/seedpoi/logos/company15/17288956571735028728.png
420364788888,T1,Ga Nội Địa T1,420321697272,420322446262,F0 - Arrival|Checkin,0,Bưu Điện,Post Office,Bưu Điện,10.813600730788,106.66232820707,18,node-poi,20,+84 28 3848 5634,http://tansonnhatairport.vn/,24 Hours,available,https://mapper-images-singapore.s3-ap-southeast-1.amazonaws.com/seedpoi/logos/company15/18562240831735028755.png
420364793535,T2,Ga Quốc Tế T2,420321697575,420322445757,F3,3,Cà Phê Trung Nguyên,Trung Nguyen Coffee,Cà Phê Trung Nguyên,10.815995459151,106.66430488327,18,node-poi,8,+84 28 3848 5634,http://tansonnhatairport.vn/,24 Hours,available,https://mapper-images-singapore.s3-ap-southeast-1.amazonaws.com/seedpoi/logos/company15/5874618341735028731.png
420364714040,T2,Ga Quốc Tế T2,420321697575,420322445858,F1 - Gate,1,Cà Phê Trung Nguyên,Trung Nguyen Coffee,Cà Phê Trung Nguyên,10.816027726312,106.66408516467,18,node-poi,8,+84 28 3848 5634,http://tansonnhatairport.vn/,24 Hours,available,https://mapper-images-singapore.s3-ap-southeast-1.amazonaws.com/seedpoi/logos/company15/5799481971735028726.png
420371750808,T3,Ga Nội Địa T3,420321772424,420322475151,F2 - Arrival,2,"Cà Phê, Ăn Nhanh Giải Khát","Coffee, Fast Food & Refreshments","Cà Phê, Ăn Nhanh Giải Khát",10.812016204649,106.65510539749,18,node-poi,,,,,available,https://mapper-images-singapore.s3-ap-southeast-1.amazonaws.com/seedpoi/logos/company15/17494332571041032.png
420371693434,T1,Ga Nội Địa T1,420321697272,420322446262,F0 - Arrival|Checkin,0,Cabin T5,Cabin T5,Cabin T5,10.814205498481,106.66209501861,18,node-poi,,+84 28 3848 5634,http://tansonnhatairport.vn/,24 Hours,available,https://mapper-images-singapore.s3-ap-southeast-1.amazonaws.com/seedpoi/logos/company15/17490907712422412.png
420372011717,T3,Ga Nội Địa T3,420321772424,420322474848,F3 - Departure,3,Calvin Klein,Calvin Klein,Calvin Klein,10.812782797677,106.65559600485,18,node-poi,9,,,,available,https://mapper-images-singapore.s3-ap-southeast-1.amazonaws.com/seedpoi/logos/company15/17478903808058042.png
420364756565,T1,Ga Nội Địa T1,420321697272,420322446363,F1 - Departure,1,Calvin Klein Jeans,Calvin Klein Jeans,Calvin Klein Jeans,10.813406570728,106.66196769207,18,node-poi,9,+84 28 3848 5634,https://www.calvinklein.com.br/,24 Hours,available,https://mapper-images-singapore.s3-ap-southeast-1.amazonaws.com/seedpoi/logos/company15/18582949171735028757.png
420371991313,T3,Ga Nội Địa T3,420321772424,420322474848,F3 - Departure,3,Quầy làm thủ tục tự động,Check-in Counter Auto,Check-in Counter Auto,10.811330186958,106.652142811,34,poi-checkin-counter,,,,,available,
420372010808,T3,Ga Nội Địa T3,420321772424,420322474848,F3 - Departure,3,Quầy làm thủ tục tự động,Check-in Counter Auto,Check-in Counter Auto,10.812133153536,106.65514851293,34,poi-checkin-counter,,,,,available,
420372014040,T3,Ga Nội Địa T3,420321772424,420322474848,F3 - Departure,3,CIAS Coffee & Food,CIAS Coffee & Food,CIAS Coffee & Food,10.811355603533,106.65176732791,18,node-poi,,,,,available,https://mapper-images-singapore.s3-ap-southeast-1.amazonaws.com/seedpoi/logos/company15/17478902849839822.png
420364780000,T2,Ga Quốc Tế T2,420321697575,420322445959,F2 - Departure,2,Coach,Coach,Coach,10.816839256766,106.66349929642,18,node-poi,,+84 28 3823 7180,https://world.coach.com/,24 Hours,available,https://mapper-images-singapore.s3-ap-southeast-1.amazonaws.com/seedpoi/logos/company15/17284417181735028728.png
420364751010,T1,Ga Nội Địa T1,420321697272,420322446363,F1 - Departure,1,Coffee & Cake,Coffee & Cake,Coffee & Cake,10.814722225848,106.66211518129,18,node-poi,8,+84 28 3848 5634,http://tansonnhatairport.vn/,24 Hours,available,https://mapper-images-singapore.s3-ap-southeast-1.amazonaws.com/seedpoi/logos/company15/23474179051735028757.png
420364750303,T1,Ga Nội Địa T1,420321697272,420322446363,F1 - Departure,1,Công ty TNHH TMDV Tư Vấn Trường Minh,Truong Minh Service Trading Consultant Company Limited,Công ty TNHH TMDV Tư Vấn Trường Minh,10.814132224587,106.66217759865,18,node-poi,"1,3,8",+84 28 3848 5634,http://tansonnhatairport.vn/,24 Hours,available,https://mapper-images-singapore.s3-ap-southeast-1.amazonaws.com/seedpoi/logos/company15/23477082071735028758.png
420364748888,T1,Ga Nội Địa T1,420321697272,420322446363,F1 - Departure,1,Crunchy Snacks,Crunchy Snacks,Crunchy Snacks,10.81328885644,106.66226457334,18,node-poi,8,+84 28 3848 5634,http://tansonnhatairport.vn/,24 Hours,available,https://mapper-images-singapore.s3-ap-southeast-1.amazonaws.com/seedpoi/logos/company15/23475862341735028758.png
420364754141,T1,Ga Nội Địa T1,420321697272,420322446363,F1 - Departure,1,Cửa 01-02,Gate 01-02,Cửa 01-02,10.812761817003,106.66153751541,27,poi-gate,,+84 28 3848 5634,http://tansonnhatairport.vn/,24 Hours,available,
420371721212,T3,Ga Nội Địa T3,420321772424,420322475151,F2 - Arrival,2,Cửa 01-05,Gate 01-05,Cửa 01-05,10.811285667895,106.65224633822,27,poi-gate,,,,,available,
420371739898,T3,Ga Nội Địa T3,420321772424,420322474848,F3 - Departure,3,Cửa 01-09,Gate 01–09,Cửa 01-09,10.811602404471,106.65135313258,27,poi-gate,,,,,available,
420364755050,T1,Ga Nội Địa T1,420321697272,420322446363,F1 - Departure,1,Cửa 03,Gate 03,Cửa 03,10.812977960142,106.66155766554,27,poi-gate,,+84 28 3848 5634,http://tansonnhatairport.vn/,24 Hours,available,
420364755151,T1,Ga Nội Địa T1,420321697272,420322446363,F1 - Departure,1,Cửa 04,Gate 04,Cửa 04,10.813123530094,106.66157029407,27,poi-gate,,+84 28 3848 5634,http://tansonnhatairport.vn/,24 Hours,available,
420364754848,T1,Ga Nội Địa T1,420321697272,420322446363,F1 - Departure,1,Cửa 05,Gate 05,Cửa 05,10.813265270706,106.66158492049,27,poi-gate,,+84 28 3848 5634,http://tansonnhatairport.vn/,24 Hours,available,
420371720101,T3,Ga Nội Địa T3,420321772424,420322475151,F2 - Arrival,2,Cửa 06,Gate 06,Cửa 06,10.811344359211,106.65121157363,27,poi-gate,,,,,available,
420364754949,T1,Ga Nội Địa T1,420321697272,420322446363,F1 - Departure,1,Cửa 06,Gate 06,Cửa 06,10.813402132338,106.66159624099,27,poi-gate,,+84 28 3848 5634,http://tansonnhatairport.vn/,24 Hours,available,
420371722727,T3,Ga Nội Địa T3,420321772424,420322475151,F2 - Arrival,2,Cửa 07,Gate 07,Cửa 07,10.81144263801,106.65117389697,27,poi-gate,,,,,available,
420364749797,T1,Ga Nội Địa T1,420321697272,420322446363,F1 - Departure,1,Cửa 07,Gate 07,Cửa 07,10.813557270849,106.66161222291,27,poi-gate,,+84 28 3848 5634,http://tansonnhatairport.vn/,24 Hours,available,
420364786969,T2,Ga Quốc Tế T2,420321697575,420322445858,F1 - Gate,1,Cửa 08,Gate 08,Cửa 08,10.815395414767,106.66178384346,27,poi-gate,,+84 28 3848 5634,http://tansonnhatairport.vn/,24 Hours,available,
420371722626,T3,Ga Nội Địa T3,420321772424,420322475151,F2 - Arrival,2,Cửa 08,Gate 08,Cửa 08,10.811876116767,106.65219135348,27,poi-gate,,,,,available,
420364749696,T1,Ga Nội Địa T1,420321697272,420322446363,F1 - Departure,1,Cửa 08,Gate 08,Cửa 08,10.813720046736,106.66162678225,27,poi-gate,,+84 28 3848 5634,http://tansonnhatairport.vn/,24 Hours,available,
420364786868,T2,Ga Quốc Tế T2,420321697575,420322445858,F1 - Gate,1,Cửa 09,Gate 09,Cửa 09,10.81617036682,106.66185565541,27,poi-gate,,+84 28 3848 5634,http://tansonnhatairport.vn/,24 Hours,available,
420371721515,T3,Ga Nội Địa T3,420321772424,420322475151,F2 - Arrival,2,Cửa 09,Gate 09,Cửa 09,10.811917973912,106.65229352888,27,poi-gate,,,,,available,
420364749999,T1,Ga Nội Địa T1,420321697272,420322446363,F1 - Departure,1,Cửa 09,Gate 09,Cửa 09,10.81391184736,106.66164569183,27,poi-gate,,+84 28 3848 5634,http://tansonnhatairport.vn/,24 Hours,available,
420364754747,T1,Ga Nội Địa T1,420321697272,420322446363,F1 - Departure,1,Cửa 10,Gate 10,Cửa 10,10.814094477275,106.66166283018,27,poi-gate,,+84 28 3848 5634,http://tansonnhatairport.vn/,24 Hours,available,
420364796464,T2,Ga Quốc Tế T2,420321697575,420322445656,F0 - Arrival,0,Cửa 10,Gate 10,Cửa 10,10.816677853163,106.66271830376,27,poi-gate,,+84 28 3848 5634,http://tansonnhatairport.vn/,24 Hours,available,
420372008989,T3,Ga Nội Địa T3,420321772424,420322474848,F3 - Departure,3,Cửa 10,Gate 10,Cửa 10,10.812106369567,106.65264945708,27,poi-gate,,,,,available,
420364754444,T1,Ga Nội Địa T1,420321697272,420322446363,F1 - Departure,1,Cửa 11,Gate 11,Cửa 11,10.814245377434,106.66208666651,27,poi-gate,,+84 28 3848 5634,http://tansonnhatairport.vn/,24 Hours,available,
420364796565,T2,Ga Quốc Tế T2,420321697575,420322445656,F0 - Arrival,0,Cửa 11,Gate 11,Cửa 11,10.816708459262,106.66280926837,27,poi-gate,,+84 28 3848 5634,http://tansonnhatairport.vn/,24 Hours,available,
420372009494,T3,Ga Nội Địa T3,420321772424,420322474848,F3 - Departure,3,Cửa 11,Gate 11,Cửa 11,10.812251272173,106.65305711929,27,poi-gate,,,,,available,
420364752222,T1,Ga Nội Địa T1,420321697272,420322446363,F1 - Departure,1,Cửa 12,Gate 12,Cửa 12,10.814299088039,106.66168212818,27,poi-gate,,+84 28 3848 5634,http://tansonnhatairport.vn/,24 Hours,available,
420364793838,T2,Ga Quốc Tế T2,420321697575,420322445656,F0 - Arrival,0,Cửa 12,Gate 12,Cửa 12,10.816747977555,106.66290314568,27,poi-gate,,+84 28 3848 5634,http://tansonnhatairport.vn/,24 Hours,available,
420372009595,T3,Ga Nội Địa T3,420321772424,420322474848,F3 - Departure,3,Cửa 12,Gate 12,Cửa 12,10.812404078481,106.65348359052,27,poi-gate,,,,,available,
420364754646,T1,Ga Nội Địa T1,420321697272,420322446363,F1 - Departure,1,Cửa 13,Gate 13,Cửa 13,10.814515559401,106.66170149037,27,poi-gate,,+84 28 3848 5634,http://tansonnhatairport.vn/,24 Hours,available,
420371737979,T3,Ga Nội Địa T3,420321772424,420322474848,F3 - Departure,3,Cửa 13,Gate 13,Cửa 13,10.812549035091,106.65389226942,27,poi-gate,,,,,available,
420364793939,T2,Ga Quốc Tế T2,420321697575,420322445656,F0 - Arrival,0,Cửa 13,Gate 13,Cửa 13,10.81678238036,106.66299963263,27,poi-gate,,+84 28 3848 5634,http://tansonnhatairport.vn/,24 Hours,available,
420364754545,T1,Ga Nội Địa T1,420321697272,420322446363,F1 - Departure,1,Cửa 14,Gate 14,Cửa 14,10.814668018772,106.6617152786,27,poi-gate,,+84 28 3848 5634,http://tansonnhatairport.vn/,24 Hours,available,
420371737676,T3,Ga Nội Địa T3,420321772424,420322474848,F3 - Departure,3,Cửa 14,Gate 14,Cửa 14,10.812760274944,106.65441733454,27,poi-gate,,,,,available,
420364784242,T2,Ga Quốc Tế T2,420321697575,420322445858,F1 - Gate,1,Cửa 15,Gate 15,Cửa 15,10.816485435714,106.66219000953,27,poi-gate,,+84 28 3848 5634,http://tansonnhatairport.vn/,24 Hours,available,
420364751212,T1,Ga Nội Địa T1,420321697272,420322446363,F1 - Departure,1,Cửa 15,Gate 15,Cửa 15,10.814816649707,106.66187844913,27,poi-gate,,+84 28 3848 5634,http://tansonnhatairport.vn/,24 Hours,available,
420372009292,T3,Ga Nội Địa T3,420321772424,420322474848,F3 - Departure,3,Cửa 15,Gate 15,Cửa 15,10.812900797258,106.65481963233,27,poi-gate,,,,,available,
420371723434,T3,Ga Nội Địa T3,420321772424,420322475151,F2 - Arrival,2,Cửa 16,Gate 16,Cửa 16,10.813009267439,106.65522633051,27,poi-gate,,,,,available,
420364761010,T1,Ga Nội Địa T1,420321697272,420322446262,F0 - Arrival|Checkin,0,Cửa 16,Gate 16,Cửa 16,10.814803403411,106.66186546442,27,poi-gate,,+84 28 3848 5634,http://tansonnhatairport.vn/,24 Hours,available,
420364784343,T2,Ga Quốc Tế T2,420321697575,420322445858,F1 - Gate,1,Cửa 16,Gate 16,Cửa 16,10.816733984529,106.66280731504,27,poi-gate,,+84 28 3848 5634,http://tansonnhatairport.vn/,24 Hours,available,
420371739999,T3,Ga Nội Địa T3,420321772424,420322474848,F3 - Departure,3,Cửa 16-26,Gate 16–26,Cửa 16-26,10.813300681404,106.65589434844,27,poi-gate,,,,,available,
420371723535,T3,Ga Nội Địa T3,420321772424,420322475151,F2 - Arrival,2,Cửa 17,Gate 17,Cửa 17,10.813158780131,106.65561421159,27,poi-gate,,,,,available,
420364760909,T1,Ga Nội Địa T1,420321697272,420322446262,F0 - Arrival|Checkin,0,Cửa 17,Gate 17,Cửa 17,10.814783726246,106.66199897129,27,poi-gate,,+84 28 3848 5634,http://tansonnhatairport.vn/,24 Hours,available,
420364785151,T2,Ga Quốc Tế T2,420321697575,420322445858,F1 - Gate,1,Cửa 17,Gate 17,Cửa 17,10.816979784596,106.66345234914,27,poi-gate,,+84 28 3848 5634,http://tansonnhatairport.vn/,24 Hours,available,
420371723232,T3,Ga Nội Địa T3,420321772424,420322475151,F2 - Arrival,2,Của 18,Gate 18,Của 18,10.813296865221,106.6560048754,27,poi-gate,,,,,available,
420364760808,T1,Ga Nội Địa T1,420321697272,420322446262,F0 - Arrival|Checkin,0,Cửa 18,Gate 18,Cửa 18,10.814884152766,106.66200812435,27,poi-gate,,+84 28 3848 5634,http://tansonnhatairport.vn/,24 Hours,available,
420364784040,T2,Ga Quốc Tế T2,420321697575,420322445858,F1 - Gate,1,Cửa 18,Gate 18,Cửa 18,10.817211309046,106.66410573303,27,poi-gate,,+84 28 3848 5634,http://tansonnhatairport.vn/,24 Hours,available,
420364761111,T1,Ga Nội Địa T1,420321697272,420322446262,F0 - Arrival|Checkin,0,Cửa 19,Gate 19,Cửa 19,10.814983871165,106.66201523218,27,poi-gate,,+84 28 3848 5634,http://tansonnhatairport.vn/,24 Hours,available,
420364784141,T2,Ga Quốc Tế T2,420321697575,420322445858,F1 - Gate,1,Cửa 19,Gate 19,Cửa 19,10.817458865998,106.66475520594,27,poi-gate,,+84 28 3848 5634,http://tansonnhatairport.vn/,24 Hours,available,
420364761414,T1,Ga Nội Địa T1,420321697272,420322446262,F0 - Arrival|Checkin,0,Cửa 20,Gate 20,Cửa 20,10.815072376177,106.66202746976,27,poi-gate,,+84 28 3848 5634,http://tansonnhatairport.vn/,24 Hours,available,
420364784646,T2,Ga Quốc Tế T2,420321697575,420322445858,F1 - Gate,1,Cửa 20,Gate 20,Cửa 20,10.817690405468,106.66535383892,27,poi-gate,,+84 28 3848 5634,http://tansonnhatairport.vn/,24 Hours,available,
420364761515,T1,Ga Nội Địa T1,420321697272,420322446262,F0 - Arrival|Checkin,0,Cửa 21,Gate 21,Cửa 21,10.815153142123,106.66203865125,27,poi-gate,,+84 28 3848 5634,http://tansonnhatairport.vn/,24 Hours,available,
420364757171,T1,Ga Nội Địa T1,420321697272,420322446262,F0 - Arrival|Checkin,0,Cửa 22,Gate 22,Cửa 22,10.815231767483,106.66204624523,27,poi-gate,,+84 28 3848 5634,http://tansonnhatairport.vn/,24 Hours,available,
420364792222,T2,Ga Quốc Tế T2,420321697575,420322445656,F0 - Arrival,0,Cửa 22,Gate 22,Cửa 22,10.817797723495,106.66567621688,27,poi-gate,,+84 28 3848 5634,http://tansonnhatairport.vn/,24 Hours,available,
420364792323,T2,Ga Quốc Tế T2,420321697575,420322445656,F0 - Arrival,0,Cửa 23,Gate 23,Cửa 23,10.817841625689,106.66578811528,27,poi-gate,,+84 28 3848 5634,http://tansonnhatairport.vn/,24 Hours,available,
420364792020,T2,Ga Quốc Tế T2,420321697575,420322445656,F0 - Arrival,0,Cửa 24,Gate 24,Cửa 24,10.817879394332,106.66589345485,27,poi-gate,,+84 28 3848 5634,http://tansonnhatairport.vn/,24 Hours,available,
420364792121,T2,Ga Quốc Tế T2,420321697575,420322445656,F0 - Arrival,0,Cửa 25,Gate 25,Cửa 25,10.81791891247,106.66600342542,27,poi-gate,,+84 28 3848 5634,http://tansonnhatairport.vn/,24 Hours,available,
420364784747,T2,Ga Quốc Tế T2,420321697575,420322445858,F1 - Gate,1,Cửa 26,Gate 26,Cửa 26,10.817968254713,106.66609564565,27,poi-gate,,+84 28 3848 5634,http://tansonnhatairport.vn/,24 Hours,available,
420364784444,T2,Ga Quốc Tế T2,420321697575,420322445858,F1 - Gate,1,Cửa 27,Gate 27,Cửa 27,10.818211929164,106.66673528963,27,poi-gate,,+84 28 3848 5634,http://tansonnhatairport.vn/,24 Hours,available,
420364786161,T2,Ga Quốc Tế T2,420321697575,420322445858,F1 - Gate,1,Cửa Hàng Lưu Niệm,Souvenir Shop,Cửa Hàng Lưu Niệm,10.817275102364,106.66449745016,18,node-poi,"3,8",+84 28 3848 5634,http://tansonnhatairport.vn/,24 Hours,available,https://mapper-images-singapore.s3-ap-southeast-1.amazonaws.com/seedpoi/logos/company15/17321767131735028726.png
420364778282,T2,Ga Quốc Tế T2,420321697575,420322445959,F2 - Departure,2,Cửa Hàng Lưu Niệm,Souvenir Shop,Cửa Hàng Lưu Niệm,10.8173891806,106.66513571371,18,node-poi,3,+84 28 3848 5634,http://tansonnhatairport.vn/,24 Hours,available,https://mapper-images-singapore.s3-ap-southeast-1.amazonaws.com/seedpoi/logos/company15/17286065121735028728.png
420364779090,T2,Ga Quốc Tế T2,420321697575,420322445959,F2 - Departure,2,Cửa Hàng Lưu Niệm,Souvenir Shop,Cửa Hàng Lưu Niệm,10.816386097143,106.66249582875,18,node-poi,3,+84 28 3848 5634,http://tansonnhatairport.vn/,24 Hours,available,
420364779191,T2,Ga Quốc Tế T2,420321697575,420322445959,F2 - Departure,2,Cửa Hàng Lưu Niệm,Souvenir Shop,Cửa Hàng Lưu Niệm,10.816309109697,106.66229437569,18,node-poi,,+84 28 3848 5634,http://tansonnhatairport.vn/,24 Hours,available,
420364710404,T2,Ga Quốc Tế T2,420321697575,420322445858,F1 - Gate,1,Cửa Hàng Lưu Niệm,Souvenir Shop,Cửa Hàng Lưu Niệm,10.81654770151,106.66255496344,18,node-poi,"3,8",+84 28 3848 5634,http://tansonnhatairport.vn/,24 Hours,available,
420364710505,T2,Ga Quốc Tế T2,420321697575,420322445858,F1 - Gate,1,Cửa Hàng Lưu Niệm,Souvenir Shop,Cửa Hàng Lưu Niệm,10.816404118259,106.66243828735,18,node-poi,"3,8",+84 28 3848 5634,http://tansonnhatairport.vn/,24 Hours,available,https://mapper-images-singapore.s3-ap-southeast-1.amazonaws.com/seedpoi/logos/company15/17319195881735028726.png
420364750202,T1,Ga Nội Địa T1,420321697272,420322446363,F1 - Departure,1,Cửa Hàng Lưu Niệm Đặc Sản Quà Ba Miền Bắc Trung Nam,"Northern, Central, Southern Specialties Souvenir Shop",Cửa Hàng Lưu Niệm Đặc Sản Quà Ba Miền Bắc Trung Nam,10.814137493738,106.66211590784,18,node-poi,"1,3,8",+84 28 3848 5634,http://tansonnhatairport.vn/,24 Hours,available,https://mapper-images-singapore.s3-ap-southeast-1.amazonaws.com/seedpoi/logos/company15/23476934631735028758.png
420364713030,T2,Ga Quốc Tế T2,420321697575,420322445858,F1 - Gate,1,Cửa Hàng Lưu Niệm Sasco,Sasco Souvenir Shop,Cửa Hàng Lưu Niệm Sasco,10.816038786952,106.66191196256,18,node-poi,"3,8",+84 28 3848 5634,http://tansonnhatairport.vn/,24 Hours,available,https://mapper-images-singapore.s3-ap-southeast-1.amazonaws.com/seedpoi/logos/company15/17317926081735028726.png
420364780808,T2,Ga Quốc Tế T2,420321697575,420322445959,F2 - Departure,2,Cửa Hàng Sasco,Sasco Shop,Cửa Hàng Sasco,10.816237502999,106.66204132139,18,node-poi,,+84 28 3848 5634,http://tansonnhatairport.vn/,24 Hours,available,
420364756464,T1,Ga Nội Địa T1,420321697272,420322446363,F1 - Departure,1,Cửa Hàng Sasco,Sasco Shop,Cửa Hàng Sasco,10.813733977576,106.66215174976,18,node-poi,3,+84 28 3844 8358,http://www.sasco.com.vn/,24 Hours,available,https://mapper-images-singapore.s3-ap-southeast-1.amazonaws.com/seedpoi/logos/company15/18582738811735028757.png
420364780606,T2,Ga Quốc Tế T2,420321697575,420322445959,F2 - Departure,2,Cửa Hàng Sasco,Sasco Shop,Cửa Hàng Sasco,10.817105122064,106.66417966647,18,node-poi,,+84 28 3848 5634,http://tansonnhatairport.vn/,24 Hours,available,
420364777676,T2,Ga Quốc Tế T2,420321697575,420322445959,F2 - Departure,2,Cửa Hàng Sasco,Sasco Shop,Cửa Hàng Sasco,10.817321257232,106.66488948397,18,node-poi,,+84 28 3848 5634,http://tansonnhatairport.vn/,24 Hours,available,
420364776363,T2,Ga Quốc Tế T2,420321697575,420322445959,F2 - Departure,2,Cửa Hàng Sasco,Sasco Shop,Cửa Hàng Sasco,10.815940867496,106.66203926662,18,node-poi,3,+84 28 3848 5634,http://tansonnhatairport.vn/,24 Hours,available,https://mapper-images-singapore.s3-ap-southeast-1.amazonaws.com/seedpoi/logos/company15/17287676451735028728.png
420364751414,T1,Ga Nội Địa T1,420321697272,420322446363,F1 - Departure,1,Cửa Hàng Sasco,Sasco Shop,Cửa Hàng Sasco,10.814305280008,106.66194367543,18,node-poi,"1,3",+84 28 3848 5634,http://tansonnhatairport.vn/,24 Hours,available,https://mapper-images-singapore.s3-ap-southeast-1.amazonaws.com/seedpoi/logos/company15/23474584151735028757.png
420364789090,T1,Ga Nội Địa T1,420321697272,420322446262,F0 - Arrival|Checkin,0,Cửa Hàng Sasco,Sasco Shop,Cửa Hàng Sasco,10.814637005243,106.66206613183,18,node-poi,3,+84 28 3848 5634,http://tansonnhatairport.vn/,24 Hours,available,https://mapper-images-singapore.s3-ap-southeast-1.amazonaws.com/seedpoi/logos/company15/18561765061735028755.png
420364786060,T2,Ga Quốc Tế T2,420321697575,420322445858,F1 - Gate,1,Cửa Hàng Trường Minh,Truong Minh Shop,Cửa Hàng Trường Minh,10.817234925504,106.66434791702,18,node-poi,,+84 28 3848 5634,http://tansonnhatairport.vn/,24 Hours,available,
420364712727,T2,Ga Quốc Tế T2,420321697575,420322445858,F1 - Gate,1,Cửa Hàng Trường Minh,Truong Minh Shop,Cửa Hàng Trường Minh,10.815940559241,106.66190044256,18,node-poi,,+84 28 3848 5634,http://tansonnhatairport.vn/,24 Hours,available,
420364711212,T2,Ga Quốc Tế T2,420321697575,420322445858,F1 - Gate,1,Cửa Hàng Trường Minh,Truong Minh Shop,Cửa Hàng Trường Minh,10.816801261506,106.66322410233,18,node-poi,,+84 28 3848 5634,http://tansonnhatairport.vn/,24 Hours,available,
420364797777,T2,Ga Quốc Tế T2,420321697575,420322445656,F0 - Arrival,0,Cửa Hàng Viễn Thông,Telecom Shop,Cửa Hàng Viễn Thông,10.816042065252,106.66421393635,18,node-poi,20,+84 28 3848 5634,http://tansonnhatairport.vn/,24 Hours,available,https://mapper-images-singapore.s3-ap-southeast-1.amazonaws.com/seedpoi/logos/company15/17281684451735028730.png
420364749393,T1,Ga Nội Địa T1,420321697272,420322446363,F1 - Departure,1,Cuisine de Saigon,Cuisine de Saigon,Cuisine de Saigon,10.812616527769,106.66190489811,18,node-poi,"8,18",+84 28 3848 5634,http://tansonnhatairport.vn/,24 Hours,available,https://mapper-images-singapore.s3-ap-southeast-1.amazonaws.com/seedpoi/logos/company15/23476415951735028758.png
420364795757,T2,Ga Quốc Tế T2,420321697575,420322445656,F0 - Arrival,0,Dịch Vụ Cho Thuê Xe Và Khách Sạn,Car Rental and Hotel Services,Dịch Vụ Cho Thuê Xe Và Khách Sạn,10.815850063086,106.66395119456,18,node-poi,20,+84 28 3848 5634,http://tansonnhatairport.vn/,24 Hours,available,https://mapper-images-singapore.s3-ap-southeast-1.amazonaws.com/seedpoi/logos/company15/17284152211735028730.png
420364796262,T2,Ga Quốc Tế T2,420321697575,420322445656,F0 - Arrival,0,Dịch Vụ Cho Thuê Xe Và Khách Sạn,Car Rental and Hotel Services,Dịch Vụ Cho Thuê Xe Và Khách Sạn,10.816069060853,106.66451982287,18,node-poi,20,+84 28 3848 5634,http://tansonnhatairport.vn/,24 Hours,available,https://mapper-images-singapore.s3-ap-southeast-1.amazonaws.com/seedpoi/logos/company15/17284372871735028730.png
420364778383,T2,Ga Quốc Tế T2,420321697575,420322445959,F2 - Departure,2,Dịch Vụ Đổi Tiền Và Ngân Hàng,Money Exchange And Banking Services,Dịch Vụ Đổi Tiền Và Ngân Hàng,10.817015565071,106.66401208268,35,poi-currency-exchange,,+84 28 3848 5634,http://tansonnhatairport.vn/,24 Hours,available,
420372048686,T3,Ga Nội Địa T3,420321772424,420322475050,F1,1,Điểm đón taxi,Taxi pickup point,Điểm đón Taxi,10.81175746142,106.65517409313,2,poi-taxi,,,,,available,
420372008282,T3,Ga Nội Địa T3,420321772424,420322475151,F2 - Arrival,2,Điểm đón taxi,Taxi pickup point,Điểm đón taxi,10.811473308788,106.65467488784,2,poi-taxi,,,,,available,
420371751010,T3,Ga Nội Địa T3,420321772424,420322475151,F2 - Arrival,2,Điểm đón taxi,Taxi pickup point,Điểm đón taxi,10.811292857221,106.6539582545,2,poi-taxi,,,,,available,
420371717070,T3,Ga Nội Địa T3,420321772424,420322475151,F2 - Arrival,2,Eatery,Eatery,Eatery,10.811860732716,106.65292785665,18,node-poi,,,,,available,https://mapper-images-singapore.s3-ap-southeast-1.amazonaws.com/seedpoi/logos/company15/1749435727066652.png
420364791919,T1,Ga Nội Địa T1,420321697272,420322446262,F0 - Arrival|Checkin,0,Espress To Go,Espress To Go,Espress To Go,10.813057904954,106.66229814291,18,node-poi,"8,18",+84 28 3848 5634,http://tansonnhatairport.vn/,24 Hours,available,https://mapper-images-singapore.s3-ap-southeast-1.amazonaws.com/seedpoi/logos/company15/18561464251735028755.png
420364773131,T1,Ga Nội Địa T1,420321697272,420322446363,F1 - Departure,1,Fresh 2 Go,Fresh 2 Go,Fresh 2 Go,10.813738834878,106.66207632248,18,node-poi,"8,18",+84 28 3848 5634,http://tansonnhatairport.vn/,24 Hours,available,https://mapper-images-singapore.s3-ap-southeast-1.amazonaws.com/seedpoi/logos/company15/23709277501735028758.png
420371716969,T3,Ga Nội Địa T3,420321772424,420322475151,F2 - Arrival,2,Gà Rán Popeyes,Popeyes Fried Chicken,Gà Rán Popeyes,10.811884444075,106.65299357078,18,node-poi,,,,,available,https://mapper-images-singapore.s3-ap-southeast-1.amazonaws.com/seedpoi/logos/company15/17494357498138122.png
420364761313,T1,Ga Nội Địa T1,420321697272,420322446262,F0 - Arrival|Checkin,0,Ghế Công Cộng,Public Chair,Ghế Công Cộng,10.812547891767,106.66221719994,52,poi-public-chair,,+84 28 3848 5634,http://tansonnhatairport.vn/,24 Hours,available,
420364758686,T1,Ga Nội Địa T1,420321697272,420322446262,F0 - Arrival|Checkin,0,Ghế Công Cộng,Public Chair,Ghế Công Cộng,10.813994110266,106.6624507458,52,poi-public-chair,,+84 28 3848 5634,http://tansonnhatairport.vn/,24 Hours,available,
420371720606,T3,Ga Nội Địa T3,420321772424,420322475151,F2 - Arrival,2,Ghế công cộng,Public seating,Ghế công cộng,10.811534844554,106.65155531159,52,poi-public-chair,,,,,available,
420371720707,T3,Ga Nội Địa T3,420321772424,420322475151,F2 - Arrival,2,Ghế công cộng,Public seating,Ghế công cộng,10.81167271281,106.65191687617,52,poi-public-chair,,,,,available,
420371720404,T3,Ga Nội Địa T3,420321772424,420322475151,F2 - Arrival,2,Ghế công cộng,Public seating,Ghế công cộng,10.811507280062,106.65179345824,52,poi-public-chair,,,,,available,
420371693939,T1,Ga Nội Địa T1,420321697272,420322446262,F0 - Arrival|Checkin,0,Ghế Công Cộng,Public Chair,Ghế Công Cộng,10.814723875938,106.66194254044,52,poi-public-chair,,+84 28 3848 5634,http://tansonnhatairport.vn/,24 Hours,available,
420371694242,T1,Ga Nội Địa T1,420321697272,420322446262,F0 - Arrival|Checkin,0,Ghế Công Cộng,Public Chair,Ghế Công Cộng,10.812587587449,106.66236478444,52,poi-public-chair,,+84 28 3848 5634,http://tansonnhatairport.vn/,24 Hours,available,
420371717373,T3,Ga Nội Địa T3,420321772424,420322475151,F2 - Arrival,2,Ghế công cộng,Public seating,Ghế công cộng,10.813104484941,106.65586704087,52,poi-public-chair,,,,,available,
420371717878,T3,Ga Nội Địa T3,420321772424,420322475151,F2 - Arrival,2,Ghế công cộng,Public seating,Ghế công cộng,10.812879397603,106.65537395204,52,poi-public-chair,,,,,available,
420364752727,T1,Ga Nội Địa T1,420321697272,420322446363,F1 - Departure,1,Ghế Công Cộng,Public Chair,Ghế Công Cộng,10.813940593886,106.66217284014,52,poi-public-chair,,+84 28 3848 5634,http://tansonnhatairport.vn/,24 Hours,available,
420371738080,T3,Ga Nội Địa T3,420321772424,420322474848,F3 - Departure,3,Ghế công cộng,Public seating,Ghế công cộng,10.812676301486,106.65508875156,52,poi-public-chair,,,,,available,
420372013838,T3,Ga Nội Địa T3,420321772424,420322474848,F3 - Departure,3,Ghế công cộng,Public seating,Ghế công cộng,10.811089448903,106.65240035466,52,poi-public-chair,,,,,available,
420372013636,T3,Ga Nội Địa T3,420321772424,420322474848,F3 - Departure,3,Ghế công cộng,Public seating,Ghế công cộng,10.811491238464,106.65346924302,52,poi-public-chair,,,,,available,
420371757676,T3,Ga Nội Địa T3,420321772424,420322474848,F3 - Departure,3,Ghế công cộng,Public seating,Ghế công cộng,10.812307279478,106.65376295238,52,poi-public-chair,,,,,available,
420371755151,T3,Ga Nội Địa T3,420321772424,420322474848,F3 - Departure,3,Ghế công cộng,Public seating,Ghế công cộng,10.811643857302,106.65388709542,52,poi-public-chair,,,,,available,
420372008888,T3,Ga Nội Địa T3,420321772424,420322474848,F3 - Departure,3,Ghế công cộng,Public seating,Ghế công cộng,10.811861490392,106.65446187962,52,poi-public-chair,,,,,available,
420364758585,T1,Ga Nội Địa T1,420321697272,420322446262,F0 - Arrival|Checkin,0,Hải Quan Và An Ninh Soi Chiếu,Customs And Sercurity,Hải Quan Và An Ninh Soi Chiếu,10.814665798562,106.66235618366,42,poi-passport-control,,+84 28 3848 5634,http://tansonnhatairport.vn/,24 Hours,available,
420364753131,T1,Ga Nội Địa T1,420321697272,420322446363,F1 - Departure,1,Hải Quan Và An Ninh Soi Chiếu,Customs And Sercurity,Hải Quan Và An Ninh Soi Chiếu,10.812860928592,106.6622710328,42,poi-passport-control,,+84 28 3848 5634,http://tansonnhatairport.vn/,24 Hours,available,
420364799393,T2,Ga Quốc Tế T2,420321697575,420322445656,F0 - Arrival,0,Hải Quan Và An Ninh Soi Chiếu,Customs And Sercurity,Hải Quan Và An Ninh Soi Chiếu,10.816028683034,106.66397047715,29,poi-baggage-check,,+84 28 3848 5634,http://tansonnhatairport.vn/,24 Hours,available,
420364799898,T2,Ga Quốc Tế T2,420321697575,420322445656,F0 - Arrival,0,Hải Quan Và An Ninh Soi Chiếu,Customs And Sercurity,Hải Quan Và An Ninh Soi Chiếu,10.816189482614,106.66440229154,29,poi-baggage-check,,+84 28 3848 5634,http://tansonnhatairport.vn/,,available,
420371724545,T3,Ga Nội Địa T3,420321772424,420322475151,F2 - Arrival,2,Hành Lý Thất Lạc,Lost & Found Luggage,Hành Lý Thất Lạc,10.811759400395,106.65292962707,39,poi-lost-found,,,,,available,
420364797878,T2,Ga Quốc Tế T2,420321697575,420322445656,F0 - Arrival,0,Hành Lý Thất Lạc,Lost And Found Luggage,Hành Lý Thất Lạc,10.816329499296,106.66452621789,39,poi-lost-found,,+84 28 3848 5634,http://tansonnhatairport.vn/,24 Hours,available,
420364749494,T1,Ga Nội Địa T1,420321697272,420322446363,F1 - Departure,1,Health Supplements,Health Supplements,Health Supplements,10.813132098703,106.66224915064,18,node-poi,,+84 28 3848 5634,http://tansonnhatairport.vn/,24 Hours,available,https://mapper-images-singapore.s3-ap-southeast-1.amazonaws.com/seedpoi/logos/company15/23476092351735028758.png
420364778888,T2,Ga Quốc Tế T2,420321697575,420322445959,F2 - Departure,2,Jewelry,Jewelry,Jewelry,10.816328859996,106.6623470126,18,node-poi,,+84 28 3848 5634,http://tansonnhatairport.vn/,24 Hours,available,https://mapper-images-singapore.s3-ap-southeast-1.amazonaws.com/seedpoi/logos/company15/17287393601735028728.png
420364776060,T2,Ga Quốc Tế T2,420321697575,420322445959,F2 - Departure,2,Jewelry,Jewelry,Jewelry,10.815853415352,106.66202719739,18,node-poi,12,+84 28 3848 5634,http://tansonnhatairport.vn/,24 Hours,available,https://mapper-images-singapore.s3-ap-southeast-1.amazonaws.com/seedpoi/logos/company15/17287770831735028728.png
420364756262,T1,Ga Nội Địa T1,420321697272,420322446363,F1 - Departure,1,Johnnie Walker,Johnnie Walker,Johnnie Walker,10.814217676401,106.66179775097,18,node-poi,8,+84 28 3848 5634,http://tansonnhatairport.vn/,24 Hours,available,https://mapper-images-singapore.s3-ap-southeast-1.amazonaws.com/seedpoi/logos/company15/18581870501735028757.png
420371724444,T3,Ga Nội Địa T3,420321772424,420322475151,F2 - Arrival,2,Khách Nối Chuyến,Transit Passengers,Khách Nối Chuyến,10.811760931763,106.65310261277,46,poi-transfer,,,,,available,
420364794343,T2,Ga Quốc Tế T2,420321697575,420322445656,F0 - Arrival,0,Khu Mua Sắm,Shopping Area,Khu Mua Sắm,10.816467876314,106.66294230041,18,node-poi,,+84 28 3848 5634,http://tansonnhatairport.vn/,24 Hours,available,https://mapper-images-singapore.s3-ap-southeast-1.amazonaws.com/seedpoi/logos/company15/29693249471735028730.png
420364794949,T2,Ga Quốc Tế T2,420321697575,420322445656,F0 - Arrival,0,Khu Mua Sắm,Shopping Area,Khu Mua Sắm,10.817690581199,106.66596362262,18,node-poi,,+84 28 3848 5634,http://tansonnhatairport.vn/,24 Hours,available,https://mapper-images-singapore.s3-ap-southeast-1.amazonaws.com/seedpoi/logos/company15/29695829831735028730.png
420364792828,T2,Ga Quốc Tế T2,420321697575,420322445757,F3,3,Khu Mua Sắm,Shopping Area,Khu Mua Sắm,10.816880004945,106.66411198675,18,node-poi,,+84 28 3848 5634,http://tansonnhatairport.vn/,24 Hours,available,
420364792929,T2,Ga Quốc Tế T2,420321697575,420322445757,F3,3,Khu Mua Sắm,Shopping Area,Khu Mua Sắm,10.816716254615,106.66368197141,18,node-poi,,+84 28 3848 5634,http://tansonnhatairport.vn/,24 Hours,available,
420372009696,T3,Ga Nội Địa T3,420321772424,420322474848,F3 - Departure,3,Khu Tự Gửi Hành Lý VietJet Air 01–10,VietJet Air Self-Bag Drop 01-10,Khu Tự Gửi Hành Lý VietJet Air 01–10,10.811394425477,106.65228649389,30,poi-baggage-claim,,,,,available,https://mapper-images-singapore.s3-ap-southeast-1.amazonaws.com/2638/logos/poi_17478977428108092_28931749455010.png
420372011010,T3,Ga Nội Địa T3,420321772424,420322474848,F3 - Departure,3,Khu Tự Gửi Hành Lý Vietnam Airlines 100-103,Vietnam Airlines Self-Bag Drop 100-103,Khu Tự Gửi Hành Lý Vietnam Airlines 100-103,10.812292925529,106.65467915991,30,poi-baggage-claim,,,,,available,https://mapper-images-singapore.s3-ap-southeast-1.amazonaws.com/seedpoi/logos/company15/17478978174964952.png
420371989898,T3,Ga Nội Địa T3,420321772424,420322474848,F3 - Departure,3,Khu Tự Gửi Hành Lý Vietnam Airlines 104–106,Vietnam Airlines Self-Bag Drop 104-106,Khu Tự Gửi Hành Lý Vietnam Airlines 104–106,10.812324890787,106.65475994884,30,poi-baggage-claim,,,,,available,https://mapper-images-singapore.s3-ap-southeast-1.amazonaws.com/seedpoi/logos/company15/1748250854088872.png
420372009797,T3,Ga Nội Địa T3,420321772424,420322474848,F3 - Departure,3,Khu Tự Gửi Hành Lý Vietnam Airlines 107-109,Vietnam Airlines Self-Bag Drop 107-109,Khu Tự Gửi Hành Lý Vietnam Airlines 107-109,10.812359776093,106.65483393693,30,poi-baggage-claim,,,,,available,https://mapper-images-singapore.s3-ap-southeast-1.amazonaws.com/seedpoi/logos/company15/17478977729199182.png
420371723838,T3,Ga Nội Địa T3,420321772424,420322475151,F2 - Arrival,2,Khu vực hút thuốc,Smoking Area,Khu vực hút thuốc,10.812942610751,106.65606906167,19,poi-smoking,,,,,available,
420371722525,T3,Ga Nội Địa T3,420321772424,420322475151,F2 - Arrival,2,Khu vực hút thuốc,Smoking Area,Khu vực hút thuốc,10.811224083055,106.65148619667,19,poi-smoking,,,,,available,
420364752828,T1,Ga Nội Địa T1,420321697272,420322446363,F1 - Departure,1,Khu Vực Hút Thuốc,Smoking Area,Khu Vực Hút Thuốc,10.814697205148,106.66230881207,19,poi-smoking,,+84 28 3848 5634,http://tansonnhatairport.vn/,24 Hours,available,
420371760202,T3,Ga Nội Địa T3,420321772424,420322474848,F3 - Departure,3,Khu vực hút thuốc,Smoking Area,Khu vực hút thuốc,10.8112476205,106.65136238989,19,poi-smoking,,,,,available,
420371761111,T3,Ga Nội Địa T3,420321772424,420322474848,F3 - Departure,3,Khu vực hút thuốc,Smoking Area,Khu vực hút thuốc,10.811993401524,106.65534734094,19,poi-smoking,,,,,available,
420371759393,T3,Ga Nội Địa T3,420321772424,420322474848,F3 - Departure,3,Khu vực hút thuốc,Smoking Area,Khu vực hút thuốc,10.813028503853,106.65616765904,19,poi-smoking,,,,,available,
420364794545,T2,Ga Quốc Tế T2,420321697575,420322445656,F0 - Arrival,0,Khu Vực Hút Thuốc,Smoking Area,Khu Vực Hút Thuốc,10.817594223169,106.6657157609,19,poi-smoking,,+84 28 3848 5634,http://tansonnhatairport.vn/,24 Hours,available,
420371750505,T3,Ga Nội Địa T3,420321772424,420322475151,F2 - Arrival,2,Khu vực hút thuốc,Smoking Area,Khu vực hút thuốc,10.811286355988,106.65376875366,19,poi-smoking,,,,,available,
420371750909,T3,Ga Nội Địa T3,420321772424,420322475151,F2 - Arrival,2,Khu vực hút thuốc,Smoking Area,Khu vực hút thuốc,10.812000535431,106.65536610153,19,poi-smoking,,,,,available,
420371723333,T3,Ga Nội Địa T3,420321772424,420322475151,F2 - Arrival,2,Khu Vui Chơi Trẻ Em,Children's Play Area,Khu Vui Chơi Trẻ Em,10.81297804163,106.65553241898,7,poi-kid,,,,,available,
420371720000,T3,Ga Nội Địa T3,420321772424,420322475151,F2 - Arrival,2,Khu Vui Chơi Trẻ Em,Children's Play Area,Khu Vui Chơi Trẻ Em,10.811616633507,106.65175375071,7,poi-kid,,,,,available,
420371759999,T3,Ga Nội Địa T3,420321772424,420322474848,F3 - Departure,3,Khu Vui Chơi Trẻ Em,Children's Play Area,Khu Vui Chơi Trẻ Em,10.812467496085,106.65441955164,7,poi-kid,,,,,available,
420371757171,T3,Ga Nội Địa T3,420321772424,420322474848,F3 - Departure,3,Khu Vui Chơi Trẻ Em,Children's Play Area,Khu Vui Chơi Trẻ Em,10.811807578381,106.65231065183,7,poi-kid,,,,,available,
420364750000,T1,Ga Nội Địa T1,420321697272,420322446363,F1 - Departure,1,Kid Stars,Kid Stars,Kid Stars,10.812830509512,106.6620326966,18,node-poi,,+84 28 3848 5634,http://tansonnhatairport.vn/,24 Hours,available,https://mapper-images-singapore.s3-ap-southeast-1.amazonaws.com/seedpoi/logos/company15/23708896571735028758.png
420364777272,T2,Ga Quốc Tế T2,420321697575,420322445959,F2 - Departure,2,Kiểm Tra An Ninh,Security Check,Kiểm Tra An Ninh,10.815907815545,106.66394713365,10,poi-police,,+84 28 3848 5634,http://tansonnhatairport.vn/,24 Hours,available,
420364777373,T2,Ga Quốc Tế T2,420321697575,420322445959,F2 - Departure,2,Kiểm Tra An Ninh,Security Check,Kiểm Tra An Ninh,10.816115896333,106.66448997922,10,poi-police,,+84 28 3848 5634,http://tansonnhatairport.vn/,24 Hours,available,
420364789898,T1,Ga Nội Địa T1,420321697272,420322446262,F0 - Arrival|Checkin,0,Kiểm Tra An Ninh,Security Check,Kiểm Tra An Ninh,10.813960879908,106.66236627474,29,poi-baggage-check,,+84 28 3848 5634,http://tansonnhatairport.vn/,24 Hours,available,
420364789999,T1,Ga Nội Địa T1,420321697272,420322446262,F0 - Arrival|Checkin,0,Kiểm Tra An Ninh,Security Check,Kiểm Tra An Ninh,10.814067700385,106.66237414392,29,poi-baggage-check,,+84 28 3848 5634,http://tansonnhatairport.vn/,24 Hours,available,
420364774646,T2,Ga Quốc Tế T2,420321697575,420322445959,F2 - Departure,2,Kiểm Tra An Ninh Khởi Hành,Departure Security Check,Kiểm Tra An Ninh Khởi Hành,10.816726495373,106.66369773721,10,poi-police,,+84 28 3848 5634,http://tansonnhatairport.vn/,24 Hours,available,
420364774747,T2,Ga Quốc Tế T2,420321697575,420322445959,F2 - Departure,2,Kiểm Tra An Ninh Khởi Hành,Departure Security Check,Kiểm Tra An Ninh Khởi Hành,10.816879489651,106.66411515612,10,poi-police,,+84 28 3848 5634,http://tansonnhatairport.vn/,24 Hours,available,
420371750707,T3,Ga Nội Địa T3,420321772424,420322474848,F3 - Departure,3,Kiểm tra Hộ chiếu qua VNeID tự động,Automated Passport Check via VNeID,Kiểm tra Hộ chiếu qua VNeID tự động,10.811793072968,106.65360284945,42,poi-passport-control,,,,,available,
420364756060,T1,Ga Nội Địa T1,420321697272,420322446363,F1 - Departure,1,Kitchmate,Kitchmate,Kitchmate,10.81412810084,106.66178970434,18,node-poi,11,+84 28 3848 5634,http://www.kitchmate.com.vn/,24 Hours,available,https://mapper-images-singapore.s3-ap-southeast-1.amazonaws.com/seedpoi/logos/company15/18582086571735028757.png
420364755656,T1,Ga Nội Địa T1,420321697272,420322446363,F1 - Departure,1,Liquor Cofectionery,Liquor Cofectionery,Liquor Cofectionery,10.814672846775,106.66187068799,18,node-poi,"3,8",+84 28 3848 5634,http://tansonnhatairport.vn/,24 Hours,available,https://mapper-images-singapore.s3-ap-southeast-1.amazonaws.com/seedpoi/logos/company15/18581315621735028757.png
420364749292,T1,Ga Nội Địa T1,420321697272,420322446363,F1 - Departure,1,Liquors,Liquors,Liquors,10.812982585998,106.6622357396,18,node-poi,"3,8",+84 28 3848 5634,http://tansonnhatairport.vn/,24 Hours,available,https://mapper-images-singapore.s3-ap-southeast-1.amazonaws.com/seedpoi/logos/company15/23476243281735028758.png
420371760909,T3,Ga Nội Địa T3,420321772424,420322474848,F3 - Departure,3,Lối đi ưu tiên,Priority Lane,Lối đi ưu tiên,10.812197912949,106.65502162996,16,poi-entrance-exit,,,,,available,
420372030404,T3,Ga Nội Địa T3,420321772424,420322475050,F1,1,Lối Ra Vào,Entrance,Lối ra vào,10.811692981741,106.6542873008,16,poi-entrance-exit,,+84 28 3848 5634,,,available,
420364760606,T1,Ga Nội Địa T1,420321697272,420322446262,F0 - Arrival|Checkin,0,Lối Ra Vào,Entrance,Lối Ra Vào,10.813318032107,106.66255803181,16,poi-entrance-exit,,+84 28 3848 5634,http://tansonnhatairport.vn/,24 Hours,available,
420364760707,T1,Ga Nội Địa T1,420321697272,420322446262,F0 - Arrival|Checkin,0,Lối Ra Vào,Entrance,Lối Ra Vào,10.813983676624,106.66262519789,16,poi-entrance-exit,,+84 28 3848 5634,http://tansonnhatairport.vn/,24 Hours,available,
420364758282,T1,Ga Nội Địa T1,420321697272,420322446262,F0 - Arrival|Checkin,0,Lối Ra Vào,Entrance,Lối Ra Vào,10.81454588219,106.6626779588,16,poi-entrance-exit,,+84 28 3848 5634,http://tansonnhatairport.vn/,24 Hours,available,
420371996969,T3,Ga Nội Địa T3,420321772424,420322475151,F2 - Arrival,2,Lối ra vào A1,Entrance/Exit A1,Lối ra vào A1,10.811284103173,106.65303621611,16,poi-entrance-exit,,,,,available,
420371996868,T3,Ga Nội Địa T3,420321772424,420322475151,F2 - Arrival,2,Lối ra vào A2,Entrance/Exit A2,Lối ra vào A2,10.811319472693,106.65314258246,16,poi-entrance-exit,,,,,available,
420371997171,T3,Ga Nội Địa T3,420321772424,420322475151,F2 - Arrival,2,Lối ra vào A3,Entrance/Exit A3,Lối ra vào A3,10.811743023801,106.65427232069,16,poi-entrance-exit,,,,,available,
420371997070,T3,Ga Nội Địa T3,420321772424,420322475151,F2 - Arrival,2,Lối ra vào A4,Entrance/Exit A4,Lối ra vào A4,10.811779805718,106.65437525993,16,poi-entrance-exit,,,,,available,
420364757979,T1,Ga Nội Địa T1,420321697272,420322446262,F0 - Arrival|Checkin,0,Lối Ra Vào D1,Entrance D1,Lối Ra Vào D1,10.813104725759,106.66230409362,16,poi-entrance-exit,,+84 28 3848 5634,http://tansonnhatairport.vn/,24 Hours,available,
420372009090,T3,Ga Nội Địa T3,420321772424,420322474848,F3 - Departure,3,Lối ra vào D1,Entrance/Exit D1,Lối ra vào D1,10.811178728972,106.65271972653,16,poi-entrance-exit,,,,,available,
420364757676,T1,Ga Nội Địa T1,420321697272,420322446262,F0 - Arrival|Checkin,0,Lối Ra Vào D2,Entrance D2,Lối Ra Vào D2,10.813413586607,106.66233113549,16,poi-entrance-exit,,+84 28 3848 5634,http://tansonnhatairport.vn/,24 Hours,available,
420372008585,T3,Ga Nội Địa T3,420321772424,420322474848,F3 - Departure,3,Lối ra vào D2,Entrance/Exit D2,Lối ra vào D2,10.811336195783,106.65313476481,16,poi-entrance-exit,,,,,available,
420371760000,T3,Ga Nội Địa T3,420321772424,420322474848,F3 - Departure,3,Lối ra vào D3,Entrance/Exit D3,Lối ra vào D3,10.81137436456,106.65323813046,16,poi-entrance-exit,,,,,available,
420371760606,T3,Ga Nội Địa T3,420321772424,420322474848,F3 - Departure,3,Lối ra vào D4,Entrance/Exit D4,Lối ra vào D4,10.811717077414,106.65416088699,16,poi-entrance-exit,,,,,available,
420371760707,T3,Ga Nội Địa T3,420321772424,420322474848,F3 - Departure,3,Lối ra vào D5,Entrance/Exit D5,Lối ra vào D5,10.811759230961,106.65426281093,16,poi-entrance-exit,,,,,available,
420372009191,T3,Ga Nội Địa T3,420321772424,420322474848,F3 - Departure,3,Lối ra vào D6,Entrance/Exit D6,Lối ra vào D6,10.811945917093,106.65477985603,16,poi-entrance-exit,,,,,available,
420371761010,T3,Ga Nội Địa T3,420321772424,420322474848,F3 - Departure,3,Lối ra vào D7,Entrance/Exit D7,Lối ra vào D7,10.81198499494,106.65488406528,16,poi-entrance-exit,,,,,available,
420364795454,T2,Ga Quốc Tế T2,420321697575,420322445656,F0 - Arrival,0,Lối Vào,Entrance,Lối Vào,10.815875394318,106.66412052139,16,poi-entrance-exit,,+84 28 3848 5634,http://tansonnhatairport.vn/,24 Hours,available,
420364795555,T2,Ga Quốc Tế T2,420321697575,420322445656,F0 - Arrival,0,Lối Vào,Entrance,Lối Vào,10.815972150889,106.66439381213,16,poi-entrance-exit,,+84 28 3848 5634,http://tansonnhatairport.vn/,24 Hours,available,
420364795252,T2,Ga Quốc Tế T2,420321697575,420322445656,F0 - Arrival,0,Lối Vào,Entrance,Lối Vào,10.815750053945,106.66373164398,16,poi-entrance-exit,,+84 28 3848 5634,http://tansonnhatairport.vn/,24 Hours,available,
420364795353,T2,Ga Quốc Tế T2,420321697575,420322445656,F0 - Arrival,0,Lối Vào,Entrance,Lối Vào,10.815792538638,106.6638966081,16,poi-entrance-exit,,+84 28 3848 5634,http://tansonnhatairport.vn/,24 Hours,available,
420364795858,T2,Ga Quốc Tế T2,420321697575,420322445656,F0 - Arrival,0,Lối Vào,Entrance,Lối Vào,10.816069693082,106.66460868343,16,poi-entrance-exit,,+84 28 3848 5634,http://tansonnhatairport.vn/,24 Hours,available,
420364795959,T2,Ga Quốc Tế T2,420321697575,420322445656,F0 - Arrival,0,Lối Vào,Entrance,Lối Vào,10.816137003933,106.66476442627,16,poi-entrance-exit,,+84 28 3848 5634,http://tansonnhatairport.vn/,24 Hours,available,
420364748989,T1,Ga Nội Địa T1,420321697272,420322446363,F1 - Departure,1,Loved by All,Loved by All,Loved by All,10.813209818937,106.66225652671,18,node-poi,8,+84 28 3848 5634,http://tansonnhatairport.vn/,24 Hours,available,https://mapper-images-singapore.s3-ap-southeast-1.amazonaws.com/seedpoi/logos/company15/23475985001735028758.png
420371721111,T3,Ga Nội Địa T3,420321772424,420322475151,F2 - Arrival,2,Lucky Cafe & Food,Lucky Cafe & Food,Lucky Cafe & Food,10.81141067114,106.65193602239,18,node-poi,,,,,available,https://mapper-images-singapore.s3-ap-southeast-1.amazonaws.com/seedpoi/logos/company15/17494353457627612.png
420371761212,T3,Ga Nội Địa T3,420321772424,420322474848,F3 - Departure,3,LUCKY Cafe & Food,LUCKY Cafe & Food,LUCKY Cafe & Food,10.811162610159,106.6521470268,18,node-poi,,,,,available,https://mapper-images-singapore.s3-ap-southeast-1.amazonaws.com/seedpoi/logos/company15/17491991885295282.png
420371720505,T3,Ga Nội Địa T3,420321772424,420322475151,F2 - Arrival,2,Lucky Retail,Lucky Retail,Lucky Retail,10.811365875895,106.65169884733,18,node-poi,,,,,available,https://mapper-images-singapore.s3-ap-southeast-1.amazonaws.com/seedpoi/logos/company15/17494353292632622.png
420364780505,T2,Ga Quốc Tế T2,420321697575,420322445959,F2 - Departure,2,Máy Rút Tiền Tự Động BIDV,BIDV ATM,Máy Rút Tiền Tự Động BIDV,10.817156823689,106.66454269969,5,poi-atm,,+84 28 3848 5634,http://bidv.com.vn/,24 Hours,available,
420364797979,T2,Ga Quốc Tế T2,420321697575,420322445656,F0 - Arrival,0,Máy Rút Tiền Tự Động BIDV,BIDV ATM,Máy Rút Tiền Tự Động BIDV,10.816023635014,106.66416133882,5,poi-atm,,+84 28 3848 5634,http://tansonnhatairport.vn/,24 Hours,available,
420364797676,T2,Ga Quốc Tế T2,420321697575,420322445656,F0 - Arrival,0,Máy Rút Tiền Tự Động BIDV,BIDV ATM,Máy Rút Tiền Tự Động BIDV,10.816063112233,106.66426135167,5,poi-atm,,+84 28 3848 5634,http://tansonnhatairport.vn/,24 Hours,available,
420364798080,T2,Ga Quốc Tế T2,420321697575,420322445656,F0 - Arrival,0,Máy Rút Tiền Tự Động Citibank,Citibank ATM,Máy Rút Tiền Tự Động Citibank,10.815948213483,106.66419706358,5,poi-atm,,+84 28 3848 5634,http://tansonnhatairport.vn/,24 Hours,available,
420364798181,T2,Ga Quốc Tế T2,420321697575,420322445656,F0 - Arrival,0,Máy Rút Tiền Tự Động Citibank,Citibank ATM,Máy Rút Tiền Tự Động Citibank,10.815980795575,106.66428176271,5,poi-atm,,+84 28 3848 5634,http://tansonnhatairport.vn/,24 Hours,available,
420364776161,T2,Ga Quốc Tế T2,420321697575,420322445959,F2 - Departure,2,Ngân hàng Thương mại Cổ phần Công Thương Việt Nam (VietinBank),Vietnam Joint Stock Commercial Bank for Industry and Trade (VietinBank),Ngân hàng Thương mại Cổ phần Công Thương Việt Nam (VietinBank),10.815844676495,106.66207142992,18,node-poi,20,+84 28 3848 5634,http://tansonnhatairport.vn/,24 Hours,available,https://mapper-images-singapore.s3-ap-southeast-1.amazonaws.com/seedpoi/logos/company15/17287842591735028728.png
420364776666,T2,Ga Quốc Tế T2,420321697575,420322445959,F2 - Departure,2,Ngân hàng Thương mại Cổ phần Đầu tư và Phát triển Việt Nam (BIDV),Vietnam Joint Stock Commercial Bank for Investment and Development (BIDV),Ngân hàng Thương mại Cổ phần Đầu tư và Phát triển Việt Nam (BIDV),10.815944615927,106.66208196546,18,node-poi,20,+84 28 3848 5634,http://bidv.com.vn/,24 Hours,available,https://mapper-images-singapore.s3-ap-southeast-1.amazonaws.com/seedpoi/logos/company15/17287996521735028728.png
420364791111,T2,Ga Quốc Tế T2,420321697575,420322445757,F3,3,Nhà Hàng Daisy,Daisy Restaurant,Nhà Hàng Daisy,10.816777997387,106.66329248863,18,node-poi,18,+84 28 3848 5634,http://www.sasco.com.vn/,24 Hours,available,https://mapper-images-singapore.s3-ap-southeast-1.amazonaws.com/seedpoi/logos/company15/17295796681735028731.png
420364778585,T2,Ga Quốc Tế T2,420321697575,420322445959,F2 - Departure,2,Nhà Hàng Dong Son Drum,Dong Son Drum Restaurant,Nhà Hàng Dong Son Drum,10.816536925429,106.66301282455,18,node-poi,,+84 28 3848 5634,http://tansonnhatairport.vn/,24 Hours,available,https://mapper-images-singapore.s3-ap-southeast-1.amazonaws.com/seedpoi/logos/company15/17287068611735028728.png
420364750909,T1,Ga Nội Địa T1,420321697272,420322446363,F1 - Departure,1,Nhà Hàng Phố Chợ,Pho Cho Restaurant,Nhà Hàng Phố Chợ,10.814574689865,106.66238675495,18,node-poi,"8,18",+84 28 3848 5634,http://tansonnhatairport.vn/,24 Hours,available,https://mapper-images-singapore.s3-ap-southeast-1.amazonaws.com/seedpoi/logos/company15/2347442281735028757.png
420364785858,T2,Ga Quốc Tế T2,420321697575,420322445858,F1 - Gate,1,Nhà Vệ Sinh,Restroom,Nhà Vệ Sinh,10.817046915055,106.6640484747,4,poi-wc,,+84 28 3848 5634,http://tansonnhatairport.vn/,24 Hours,available,
420364785959,T2,Ga Quốc Tế T2,420321697575,420322445858,F1 - Gate,1,Nhà Vệ Sinh,Restroom,Nhà Vệ Sinh,10.81707751863,106.66421614844,4,poi-wc,,+84 28 3848 5634,http://tansonnhatairport.vn/,24 Hours,available,
420364786464,T2,Ga Quốc Tế T2,420321697575,420322445858,F1 - Gate,1,Nhà Vệ Sinh,Restroom,Nhà Vệ Sinh,10.817337179729,106.66490175095,4,poi-wc,,+84 28 3848 5634,http://tansonnhatairport.vn/,24 Hours,available,
420371724040,T3,Ga Nội Địa T3,420321772424,420322475151,F2 - Arrival,2,Nhà vệ sinh,Toilet,Nhà vệ sinh,10.811946940824,106.65310745078,4,poi-wc,,,,,available,
420364787171,T2,Ga Quốc Tế T2,420321697575,420322445858,F1 - Gate,1,Nhà Vệ Sinh,Restroom,Nhà Vệ Sinh,10.817201236688,106.66487002589,4,poi-wc,,+84 28 3848 5634,http://tansonnhatairport.vn/,24 Hours,available,
420371721818,T3,Ga Nội Địa T3,420321772424,420322475151,F2 - Arrival,2,Nhà vệ sinh,Toilet,Nhà vệ sinh,10.811558380606,106.65262601775,4,poi-wc,,,,,available,
420371722323,T3,Ga Nội Địa T3,420321772424,420322475151,F2 - Arrival,2,Nhà vệ sinh,Toilet,Nhà vệ sinh,10.811599167193,106.65226813799,4,poi-wc,,,,,available,
420364759292,T1,Ga Nội Địa T1,420321697272,420322446262,F0 - Arrival|Checkin,0,Nhà Vệ Sinh,Restroom,Nhà Vệ Sinh,10.813672104608,106.66198650527,4,poi-wc,,+84 28 3848 5634,http://tansonnhatairport.vn/,24 Hours,available,
420364759393,T1,Ga Nội Địa T1,420321697272,420322446262,F0 - Arrival|Checkin,0,Nhà Vệ Sinh,Restroom,Nhà Vệ Sinh,10.814672648846,106.66214670163,4,poi-wc,,+84 28 3848 5634,http://tansonnhatairport.vn/,24 Hours,available,
420364759898,T1,Ga Nội Địa T1,420321697272,420322446262,F0 - Arrival|Checkin,0,Nhà Vệ Sinh,Restroom,Nhà Vệ Sinh,10.814596705114,106.66205440236,4,poi-wc,,+84 28 3848 5634,http://tansonnhatairport.vn/,24 Hours,available,
420364785353,T2,Ga Quốc Tế T2,420321697575,420322445858,F1 - Gate,1,Nhà Vệ Sinh,Restroom,Nhà Vệ Sinh,10.816519886038,106.66275444121,4,poi-wc,,+84 28 3848 5634,http://tansonnhatairport.vn/,24 Hours,available,
420371720202,T3,Ga Nội Địa T3,420321772424,420322475151,F2 - Arrival,2,Nhà vệ sinh,Toilet,Nhà vệ sinh,10.811351070293,106.65206619005,4,poi-wc,,,,,available,
420364782727,T2,Ga Quốc Tế T2,420321697575,420322445858,F1 - Gate,1,Nhà Vệ Sinh,Restroom,Nhà Vệ Sinh,10.816776184502,106.66342512967,4,poi-wc,,+84 28 3848 5634,http://tansonnhatairport.vn/,24 Hours,available,
420364782424,T2,Ga Quốc Tế T2,420321697575,420322445858,F1 - Gate,1,Nhà Vệ Sinh,Restroom,Nhà Vệ Sinh,10.816793010647,106.66346990999,4,poi-wc,,+84 28 3848 5634,http://tansonnhatairport.vn/,24 Hours,available,
420364782525,T2,Ga Quốc Tế T2,420321697575,420322445858,F1 - Gate,1,Nhà Vệ Sinh,Restroom,Nhà Vệ Sinh,10.817099212501,106.66427366926,4,poi-wc,,+84 28 3848 5634,http://tansonnhatairport.vn/,24 Hours,available,
420364783030,T2,Ga Quốc Tế T2,420321697575,420322445858,F1 - Gate,1,Nhà Vệ Sinh,Restroom,Nhà Vệ Sinh,10.817266095827,106.66471447468,4,poi-wc,,+84 28 3848 5634,http://tansonnhatairport.vn/,24 Hours,available,
420364783131,T2,Ga Quốc Tế T2,420321697575,420322445858,F1 - Gate,1,Nhà Vệ Sinh,Restroom,Nhà Vệ Sinh,10.817352690157,106.66494469011,4,poi-wc,,+84 28 3848 5634,http://tansonnhatairport.vn/,24 Hours,available,
420364783939,T2,Ga Quốc Tế T2,420321697575,420322445959,F2 - Departure,2,Nhà Vệ Sinh,Restroom,Nhà Vệ Sinh,10.816279630123,106.66351287764,4,poi-wc,,+84 28 3848 5634,http://tansonnhatairport.vn/,24 Hours,available,
420364783636,T2,Ga Quốc Tế T2,420321697575,420322445959,F2 - Departure,2,Nhà Vệ Sinh,Restroom,Nhà Vệ Sinh,10.816671739994,106.66455630989,4,poi-wc,,+84 28 3848 5634,http://tansonnhatairport.vn/,24 Hours,available,
420372002929,T3,Ga Nội Địa T3,420321772424,420322475050,F1,1,Nhà vệ sinh,Toilets,Nhà vệ sinh,10.811246045628,106.65210976077,4,poi-wc,,,,,available,
420372000202,T3,Ga Nội Địa T3,420321772424,420322475050,F1,1,Nhà vệ sinh,Toilets,Nhà vệ sinh,10.810989302137,106.65220664125,4,poi-wc,,,,,available,
420364780909,T2,Ga Quốc Tế T2,420321697575,420322445959,F2 - Departure,2,Nhà Vệ Sinh,Restroom,Nhà Vệ Sinh,10.816276256196,106.66213061453,4,poi-wc,,+84 28 3848 5634,http://tansonnhatairport.vn/,24 Hours,available,
420364781616,T2,Ga Quốc Tế T2,420321697575,420322445959,F2 - Departure,2,Nhà Vệ Sinh,Restroom,Nhà Vệ Sinh,10.817052148527,106.66409151884,4,poi-wc,,+84 28 3848 5634,http://tansonnhatairport.vn/,24 Hours,available,
420364780101,T2,Ga Quốc Tế T2,420321697575,420322445959,F2 - Departure,2,Nhà Vệ Sinh,Restroom,Nhà Vệ Sinh,10.816866680264,106.66359110875,4,poi-wc,,+84 28 3848 5634,http://tansonnhatairport.vn/,24 Hours,available,
420364753232,T1,Ga Nội Địa T1,420321697272,420322446363,F1 - Departure,1,Nhà Vệ Sinh,Restroom,Nhà Vệ Sinh,10.812636059244,106.66175817674,4,poi-wc,,+84 28 3848 5634,http://tansonnhatairport.vn/,24 Hours,available,
420371996262,T3,Ga Nội Địa T3,420321772424,420322475151,F2 - Arrival,2,Nhà vệ sinh,Toilet,Nhà vệ sinh,10.812696228359,106.65504674989,4,poi-wc,,,,,available,
420371996363,T3,Ga Nội Địa T3,420321772424,420322475151,F2 - Arrival,2,Nhà vệ sinh,Toilet,Nhà vệ sinh,10.812459963371,106.65502491826,4,poi-wc,,,,,available,
420364776868,T2,Ga Quốc Tế T2,420321697575,420322445959,F2 - Departure,2,Nhà Vệ Sinh,Restroom,Nhà Vệ Sinh,10.815759056386,106.66363510634,4,poi-wc,,+84 28 3848 5634,http://tansonnhatairport.vn/,24 Hours,available,
420364776969,T2,Ga Quốc Tế T2,420321697575,420322445959,F2 - Departure,2,Nhà Vệ Sinh,Restroom,Nhà Vệ Sinh,10.8162182578,106.66481971627,4,poi-wc,,+84 28 3848 5634,http://tansonnhatairport.vn/,24 Hours,available,
420371996565,T3,Ga Nội Địa T3,420321772424,420322475050,F1,1,Nhà vệ sinh,Toilets,Nhà vệ sinh,10.811667085442,106.65420032751,4,poi-wc,,,,,available,
420371993838,T3,Ga Nội Địa T3,420321772424,420322475050,F1,1,Nhà vệ sinh,Toilets,Nhà vệ sinh,10.812343402931,106.65509811171,4,poi-wc,,,,,available,
420371737878,T3,Ga Nội Địa T3,420321772424,420322474848,F3 - Departure,3,Nhà vệ sinh,Toilet,Nhà vệ sinh,10.81182540006,106.65286350464,4,poi-wc,,,,,available,
420371993939,T3,Ga Nội Địa T3,420321772424,420322475050,F1,1,Nhà vệ sinh,Toilets,Nhà vệ sinh,10.812093260725,106.65519439882,4,poi-wc,,,,,available,
420371738282,T3,Ga Nội Địa T3,420321772424,420322474848,F3 - Departure,3,Nhà vệ sinh,Toilet,Nhà vệ sinh,10.812290344695,106.65410728938,4,poi-wc,,,,,available,
420364798585,T2,Ga Quốc Tế T2,420321697575,420322445656,F0 - Arrival,0,Nhà Vệ Sinh,Restroom,Nhà Vệ Sinh,10.81600708744,106.66362260317,4,poi-wc,,+84 28 3848 5634,http://tansonnhatairport.vn/,24 Hours,available,
420364799090,T2,Ga Quốc Tế T2,420321697575,420322445656,F0 - Arrival,0,Nhà Vệ Sinh,Restroom,Nhà Vệ Sinh,10.816404775802,106.66466940138,4,poi-wc,,+84 28 3848 5634,http://tansonnhatairport.vn/,24 Hours,available,
420372018888,T3,Ga Nội Địa T3,420321772424,420322475050,F1,1,Nhà vệ sinh,Toilets,Nhà vệ sinh,10.811375533635,106.65343855069,4,poi-wc,,,,,available,
420364797272,T2,Ga Quốc Tế T2,420321697575,420322445656,F0 - Arrival,0,Nhà Vệ Sinh,Restroom,Nhà Vệ Sinh,10.815903738086,106.66374499399,4,poi-wc,,+84 28 3848 5634,http://tansonnhatairport.vn/,24 Hours,available,
420364797373,T2,Ga Quốc Tế T2,420321697575,420322445656,F0 - Arrival,0,Nhà Vệ Sinh,Restroom,Nhà Vệ Sinh,10.816248752169,106.66464853692,4,poi-wc,,+84 28 3848 5634,http://tansonnhatairport.vn/,24 Hours,available,
420371761414,T3,Ga Nội Địa T3,420321772424,420322474848,F3 - Departure,3,Nhà vệ sinh,Toilet,Nhà vệ sinh,10.811045998565,106.6520726773,4,poi-wc,,,,,available,
420371758787,T3,Ga Nội Địa T3,420321772424,420322474848,F3 - Departure,3,Nhà vệ sinh,Toilet,Nhà vệ sinh,10.811809448711,106.65309841138,4,poi-wc,,,,,available,
420371759090,T3,Ga Nội Địa T3,420321772424,420322474848,F3 - Departure,3,Nhà vệ sinh,Toilet,Nhà vệ sinh,10.812148803422,106.65398370438,4,poi-wc,,,,,available,
420371759494,T3,Ga Nội Địa T3,420321772424,420322474848,F3 - Departure,3,Nhà vệ sinh,Toilet,Nhà vệ sinh,10.812574844361,106.65519042957,4,poi-wc,,,,,available,
420364793737,T2,Ga Quốc Tế T2,420321697575,420322445656,F0 - Arrival,0,Nhà Vệ Sinh,Restroom,Nhà Vệ Sinh,10.816599133225,106.66310164203,4,poi-wc,,+84 28 3848 5634,http://tansonnhatairport.vn/,24 Hours,available,
420364794141,T2,Ga Quốc Tế T2,420321697575,420322445656,F0 - Arrival,0,Nhà Vệ Sinh,Restroom,Nhà Vệ Sinh,10.817191570244,106.66462859375,4,poi-wc,,+84 28 3848 5634,http://tansonnhatairport.vn/,24 Hours,available,
420364795050,T2,Ga Quốc Tế T2,420321697575,420322445656,F0 - Arrival,0,Nhà Vệ Sinh,Restroom,Nhà Vệ Sinh,10.817689708804,106.66614558086,4,poi-wc,,+84 28 3848 5634,http://tansonnhatairport.vn/,24 Hours,available,
420364793434,T2,Ga Quốc Tế T2,420321697575,420322445757,F3,3,Nhà Vệ Sinh,Restroom,Nhà Vệ Sinh,10.815771294401,106.66361024012,4,poi-wc,,+84 28 3848 5634,http://tansonnhatairport.vn/,,available,
420364793232,T2,Ga Quốc Tế T2,420321697575,420322445757,F3,3,Nhà Vệ Sinh,Restroom,Nhà Vệ Sinh,10.816212575753,106.66475319009,4,poi-wc,,+84 28 3848 5634,http://tansonnhatairport.vn/,24 Hours,available,
420364713737,T2,Ga Quốc Tế T2,420321697575,420322445858,F1 - Gate,1,Nhà Vệ Sinh,Restroom,Nhà Vệ Sinh,10.815864371183,106.66364384913,4,poi-wc,,+84 28 3848 5634,http://tansonnhatairport.vn/,24 Hours,available,
420364791010,T2,Ga Quốc Tế T2,420321697575,420322445757,F3,3,Nhà Vệ Sinh,Restroom,Nhà Vệ Sinh,10.816770242667,106.66339861056,4,poi-wc,,+84 28 3848 5634,http://tansonnhatairport.vn/,24 Hours,available,
420364790808,T2,Ga Quốc Tế T2,420321697575,420322445757,F3,3,Nhà Vệ Sinh,Restroom,Nhà Vệ Sinh,10.81710732332,106.66429021456,4,poi-wc,,+84 28 3848 5634,http://tansonnhatairport.vn/,24 Hours,available,
420364714444,T2,Ga Quốc Tế T2,420321697575,420322445858,F1 - Gate,1,Nhà Vệ Sinh,Restroom,Nhà Vệ Sinh,10.816286943784,106.6647409982,4,poi-wc,,+84 28 3848 5634,http://tansonnhatairport.vn/,24 Hours,available,
420364791212,T2,Ga Quốc Tế T2,420321697575,420322445757,F3,3,Nhà Vệ Sinh,Restroom,Nhà Vệ Sinh,10.816630068274,106.66372824746,4,poi-wc,,+84 28 3848 5634,http://tansonnhatairport.vn/,24 Hours,available,
420364791313,T2,Ga Quốc Tế T2,420321697575,420322445757,F3,3,Nhà Vệ Sinh,Restroom,Nhà Vệ Sinh,10.816747755202,106.6641193069,4,poi-wc,,+84 28 3848 5634,http://tansonnhatairport.vn/,24 Hours,available,
420364714949,T2,Ga Quốc Tế T2,420321697575,420322445858,F1 - Gate,1,Nhà Vệ Sinh,Restroom,Nhà Vệ Sinh,10.81547325261,106.66207916583,4,poi-wc,,+84 28 3848 5634,http://tansonnhatairport.vn/,24 Hours,available,
420364712222,T2,Ga Quốc Tế T2,420321697575,420322445858,F1 - Gate,1,Nhà Vệ Sinh,Restroom,Nhà Vệ Sinh,10.815621495219,106.66197564418,4,poi-wc,,+84 28 3848 5634,http://tansonnhatairport.vn/,24 Hours,available,
420364789393,T1,Ga Nội Địa T1,420321697272,420322446262,F0 - Arrival|Checkin,0,Nhà Vệ Sinh,Restroom,Nhà Vệ Sinh,10.813456890035,106.66245052135,5,poi-atm,,+84 28 3848 5634,http://tansonnhatairport.vn/,24 Hours,available,
420364713333,T2,Ga Quốc Tế T2,420321697575,420322445858,F1 - Gate,1,Nhà Vệ Sinh,Restroom,Nhà Vệ Sinh,10.816275510408,106.66211053293,4,poi-wc,,+84 28 3848 5634,http://tansonnhatairport.vn/,24 Hours,available,
420364711111,T2,Ga Quốc Tế T2,420321697575,420322445858,F1 - Gate,1,Nhà Vệ Sinh,Restroom,Nhà Vệ Sinh,10.816539655489,106.66280354869,4,poi-wc,,+84 28 3848 5634,http://tansonnhatairport.vn/,24 Hours,available,
420371751111,T3,Ga Nội Địa T3,420321772424,420322475151,F2 - Arrival,2,Nhà vệ sinh,Toilet,Nhà vệ sinh,10.811946221018,106.65485355914,4,poi-wc,,,,,available,
420364710808,T2,Ga Quốc Tế T2,420321697575,420322445858,F1 - Gate,1,Nhà Vệ Sinh,Restroom,Nhà Vệ Sinh,10.816458024647,106.66291687284,4,poi-wc,,+84 28 3848 5634,http://tansonnhatairport.vn/,24 Hours,available,
420364711414,T2,Ga Quốc Tế T2,420321697575,420322445858,F1 - Gate,1,Nhà Vệ Sinh,Restroom,Nhà Vệ Sinh,10.8166466225,106.66308558925,4,poi-wc,,+84 28 3848 5634,http://tansonnhatairport.vn/,24 Hours,available,
420371751818,T3,Ga Nội Địa T3,420321772424,420322475151,F2 - Arrival,2,Nhà vệ sinh,Toilet,Nhà vệ sinh,10.812740735219,106.65517307938,4,poi-wc,,,,,available,
420364711919,T2,Ga Quốc Tế T2,420321697575,420322445858,F1 - Gate,1,Nhà Vệ Sinh,Restroom,Nhà Vệ Sinh,10.816859357672,106.66361242714,4,poi-wc,,+84 28 3848 5634,http://tansonnhatairport.vn/,24 Hours,available,
420364758989,T1,Ga Nội Địa T1,420321697272,420322446262,F0 - Arrival|Checkin,0,Nhà Vệ Sinh Nam,Men's Restroom,Nhà Vệ Sinh Nam,10.813654189458,106.66215925629,4,poi-wc,,+84 28 3848 5634,http://tansonnhatairport.vn/,24 Hours,available,
420364759494,T1,Ga Nội Địa T1,420321697272,420322446262,F0 - Arrival|Checkin,0,Nhà Vệ Sinh Nam,Men's Restroom,Nhà Vệ Sinh Nam,10.81265344223,106.66195697948,4,poi-wc,,+84 28 3848 5634,http://tansonnhatairport.vn/,24 Hours,available,
420364759595,T1,Ga Nội Địa T1,420321697272,420322446262,F0 - Arrival|Checkin,0,Nhà Vệ Sinh Nam,Men's Restroom,Nhà Vệ Sinh Nam,10.812997920049,106.66190956447,4,poi-wc,,+84 28 3848 5634,http://tansonnhatairport.vn/,24 Hours,available,
420364756868,T1,Ga Nội Địa T1,420321697272,420322446262,F0 - Arrival|Checkin,0,Nhà Vệ Sinh Nam,Men's Restroom,Nhà Vệ Sinh Nam,10.814752609005,106.66247473327,4,poi-wc,,+84 28 3848 5634,http://tansonnhatairport.vn/,24 Hours,available,
420371695555,T1,Ga Nội Địa T1,420321697272,420322446363,F1 - Departure,1,Nhà Vệ Sinh Nam,Men's Restroom,Nhà Vệ Sinh Nam,10.814224668794,106.66201257525,4,poi-wc,,+84 28 3848 5634,http://tansonnhatairport.vn/,24 Hours,available,
420371695252,T1,Ga Nội Địa T1,420321697272,420322446363,F1 - Departure,1,Nhà Vệ Sinh Nam,Men's Restroom,Nhà Vệ Sinh Nam,10.813746298737,106.66199965383,4,poi-wc,,+84 28 3848 5634,http://tansonnhatairport.vn/,24 Hours,available,
420371695353,T1,Ga Nội Địa T1,420321697272,420322446363,F1 - Departure,1,Nhà Vệ Sinh Nam,Men's Restroom,Nhà Vệ Sinh Nam,10.813621511035,106.66203778973,4,poi-wc,,+84 28 3848 5634,http://tansonnhatairport.vn/,24 Hours,available,
420364750606,T1,Ga Nội Địa T1,420321697272,420322446363,F1 - Departure,1,Nhà Vệ Sinh Nam,Men's Restroom,Nhà Vệ Sinh Nam,10.814421604128,106.6622249961,4,poi-wc,,+84 28 3848 5634,http://tansonnhatairport.vn/,24 Hours,available,
420364750707,T1,Ga Nội Địa T1,420321697272,420322446363,F1 - Departure,1,Nhà Vệ Sinh Nam,Men's Restroom,Nhà Vệ Sinh Nam,10.812976157824,106.66209607429,4,poi-wc,,+84 28 3848 5634,http://tansonnhatairport.vn/,24 Hours,available,
420364750404,T1,Ga Nội Địa T1,420321697272,420322446363,F1 - Departure,1,Nhà Vệ Sinh Nam,Men's Restroom,Nhà Vệ Sinh Nam,10.814246299403,106.66215301958,4,poi-wc,,+84 28 3848 5634,http://tansonnhatairport.vn/,24 Hours,available,
420371694949,T1,Ga Nội Địa T1,420321697272,420322446363,F1 - Departure,1,Nhà Vệ Sinh Nữ,Women's Restroom,Nhà Vệ Sinh Nữ,10.814415044983,106.66227014719,4,poi-wc,,+84 28 3848 5634,http://tansonnhatairport.vn/,24 Hours,available,
420371695454,T1,Ga Nội Địa T1,420321697272,420322446363,F1 - Departure,1,Nhà Vệ Sinh Nữ,Women's Restroom,Nhà Vệ Sinh Nữ,10.814238506349,106.66219964479,4,poi-wc,,+84 28 3848 5634,http://tansonnhatairport.vn/,24 Hours,available,
420371695858,T1,Ga Nội Địa T1,420321697272,420322446363,F1 - Departure,1,Nhà Vệ Sinh Nữ,Women's Restroom,Nhà Vệ Sinh Nữ,10.813619185026,106.66206019893,4,poi-wc,,+84 28 3848 5634,http://tansonnhatairport.vn/,24 Hours,available,
420371695959,T1,Ga Nội Địa T1,420321697272,420322446363,F1 - Departure,1,Nhà Vệ Sinh Nữ,Women's Restroom,Nhà Vệ Sinh Nữ,10.812981333023,106.66204821641,4,poi-wc,,+84 28 3848 5634,http://tansonnhatairport.vn/,24 Hours,available,
420371695656,T1,Ga Nội Địa T1,420321697272,420322446262,F0 - Arrival|Checkin,0,Nhà Vệ Sinh Nữ,Women's Restroom,Nhà Vệ Sinh Nữ,10.812575425465,106.66195869777,4,poi-wc,,+84 28 3848 5634,http://tansonnhatairport.vn/,24 Hours,available,
420371695757,T1,Ga Nội Địa T1,420321697272,420322446262,F0 - Arrival|Checkin,0,Nhà Vệ Sinh Nữ,Women's Restroom,Nhà Vệ Sinh Nữ,10.813004613547,106.66186800701,4,poi-wc,,+84 28 3848 5634,http://tansonnhatairport.vn/,24 Hours,available,
420371693131,T1,Ga Nội Địa T1,420321697272,420322446262,F0 - Arrival|Checkin,0,Nhà Vệ Sinh Nữ,Women's Restroom,Nhà Vệ Sinh Nữ,10.813685885643,106.66216361602,4,poi-wc,,+84 28 3848 5634,http://tansonnhatairport.vn/,24 Hours,available,
420371693535,T1,Ga Nội Địa T1,420321697272,420322446262,F0 - Arrival|Checkin,0,Nhà Vệ Sinh Nữ,Women's Restroom,Nhà Vệ Sinh Nữ,10.814741461468,106.66242797899,4,poi-wc,,+84 28 3848 5634,http://tansonnhatairport.vn/,24 Hours,available,
420364753333,T1,Ga Nội Địa T1,420321697272,420322446363,F1 - Departure,1,Nhà Vệ Sinh Nữ,Women's Restroom,Nhà Vệ Sinh Nữ,10.813709893241,106.66199676094,4,poi-wc,,+84 28 3848 5634,http://tansonnhatairport.vn/,24 Hours,available,
420364750505,T1,Ga Nội Địa T1,420321697272,420322446363,F1 - Departure,1,Nhà Vệ Sinh Nữ,Women's Restroom,Nhà Vệ Sinh Nữ,10.81422841483,106.66196387639,4,poi-wc,,+84 28 3848 5634,http://tansonnhatairport.vn/,24 Hours,available,
420364773030,T1,Ga Nội Địa T1,420321697272,420322446363,F1 - Departure,1,Nike,Nike,Nike,10.813460385211,106.66197058457,18,node-poi,"9,23",+84 28 3848 5634,http://tansonnhatairport.vn/,24 Hours,available,https://mapper-images-singapore.s3-ap-southeast-1.amazonaws.com/seedpoi/logos/company15/2370917161735028758.png
420371722020,T3,Ga Nội Địa T3,420321772424,420322475151,F2 - Arrival,2,Nước uống công cộng,Public Drinking Water,Nước uống công cộng,10.811639011352,106.65216388592,53,poi-drinking,,,,,available,
420371761515,T3,Ga Nội Địa T3,420321772424,420322474848,F3 - Departure,3,Nước uống công cộng,Public Drinking Water,Nước uống công cộng,10.81104864302,106.65215100455,53,poi-drinking,,,,,available,
420371758484,T3,Ga Nội Địa T3,420321772424,420322474848,F3 - Departure,3,Nước uống công cộng,Public Drinking Water,Nước uống công cộng,10.811860833182,106.65281329929,53,poi-drinking,,,,,available,
420371758585,T3,Ga Nội Địa T3,420321772424,420322474848,F3 - Departure,3,Nước uống công cộng,Public Drinking Water,Nước uống công cộng,10.811814727755,106.65321831287,53,poi-drinking,,,,,available,
420371759191,T3,Ga Nội Địa T3,420321772424,420322474848,F3 - Departure,3,Nước uống công cộng,Public Drinking Water,Nước uống công cộng,10.812355612278,106.65413311017,53,poi-drinking,,,,,available,
420371756868,T3,Ga Nội Địa T3,420321772424,420322474848,F3 - Departure,3,Nước uống công cộng,Public Drinking Water,Nước uống công cộng,10.811607379752,106.65225164549,53,poi-drinking,,,,,available,
420371751414,T3,Ga Nội Địa T3,420321772424,420322475151,F2 - Arrival,2,Nước uống công cộng,Public Drinking Water,Nước uống công cộng,10.812436652654,106.65492164765,53,poi-drinking,,,,,available,
420371751616,T3,Ga Nội Địa T3,420321772424,420322475151,F2 - Arrival,2,Nước uống công cộng,Public Drinking Water,Nước uống công cộng,10.812772275529,106.6552716931,53,poi-drinking,,,,,available,
420364772828,T1,Ga Nội Địa T1,420321697272,420322446363,F1 - Departure,1,Orchids Gold,Orchids Gold,Orchids Gold,10.814592378864,106.66213482601,18,node-poi,12,+84 28 3848 5634,http://tansonnhatairport.vn/,24 Hours,available,https://mapper-images-singapore.s3-ap-southeast-1.amazonaws.com/seedpoi/logos/company15/23709339901735028758.png
420372014141,T3,Ga Nội Địa T3,420321772424,420322474848,F3 - Departure,3,PAM Bánh Mì,PAM Bánh Mì,PAM Bánh Mì,10.811770047538,106.65270077165,18,node-poi,,,,,available,https://mapper-images-singapore.s3-ap-southeast-1.amazonaws.com/seedpoi/logos/company15/17478902991891882.png
420371721010,T3,Ga Nội Địa T3,420321772424,420322475151,F2 - Arrival,2,Pam Caffee - Bánh Mỳ,Pam Caffee - Bread,Pam Caffee - Bánh Mỳ,10.811375109662,106.65182808293,18,node-poi,,,,,available,https://mapper-images-singapore.s3-ap-southeast-1.amazonaws.com/seedpoi/logos/company15/17494353376076062.png
420364752424,T1,Ga Nội Địa T1,420321697272,420322446363,F1 - Departure,1,Phòng Chờ,Lounge,Phòng Chờ,10.813984710747,106.66199924596,40,poi-lounge,,+84 28 3848 5634,http://tansonnhatairport.vn/,24 Hours,available,
420364794040,T2,Ga Quốc Tế T2,420321697575,420322445656,F0 - Arrival,0,Phòng Chờ Apricot,Apricot Lounge,Phòng Chờ Apricot,10.816558108237,106.66301521095,40,poi-lounge,,+84 28 3848 5634,http://tansonnhatairport.vn/,24 Hours,available,
420364752323,T1,Ga Nội Địa T1,420321697272,420322446363,F1 - Departure,1,Phòng Chờ Bông Sen,Lotus Lounge,Phòng Chờ Bông Sen,10.812528592178,106.66164142463,40,poi-lounge,,1900 1800 | +84 24 38320320,https://www.vietnamairlines.com/,24 Hours,available,https://mapper-images-singapore.s3-ap-southeast-1.amazonaws.com/seedpoi/logos/company15/18590864171735028757.png
420364791414,T2,Ga Quốc Tế T2,420321697575,420322445757,F3,3,Phòng Chờ Bông Sen,Lotus Lounge,Phòng Chờ Bông Sen,10.817136628367,106.66438037198,40,poi-lounge,20,1900 1800 | +84 24 38320320,https://www.vietnamairlines.com/,24 Hours,available,https://mapper-images-singapore.s3-ap-southeast-1.amazonaws.com/seedpoi/logos/company15/17567527741735028731.png
420364785454,T2,Ga Quốc Tế T2,420321697575,420322445858,F1 - Gate,1,Phòng Chờ Bông Sen 2,Lotus Lounge 2,Phòng Chờ Bông Sen 2,10.816930785038,106.66360848121,40,poi-lounge,,+84 28 3848 5634,http://tansonnhatairport.vn/,24 Hours,available,https://mapper-images-singapore.s3-ap-southeast-1.amazonaws.com/seedpoi/logos/company15/27491778871735028726.png
420364786666,T2,Ga Quốc Tế T2,420321697575,420322445858,F1 - Gate,1,Phòng Chờ CIP,CIP Lounge,Phòng Chờ CIP,10.817298384555,106.66459781057,40,poi-lounge,,+84 28 3848 5634,http://tansonnhatairport.vn/,24 Hours,available,
420364786767,T2,Ga Quốc Tế T2,420321697575,420322445858,F1 - Gate,1,Phòng Chờ Khởi Hành,Departure Lounge,Phòng Chờ Khởi Hành,10.817156355614,106.66420744578,52,poi-public-chair,,+84 28 3848 5634,http://tansonnhatairport.vn/,24 Hours,available,
420364758787,T1,Ga Nội Địa T1,420321697272,420322446262,F0 - Arrival|Checkin,0,Phòng Chờ Khởi Hành,Departure Lounge,Phòng Chờ Khởi Hành,10.815006696162,106.66232419732,40,poi-lounge,,+84 28 3848 5634,http://tansonnhatairport.vn/,24 Hours,available,
420364752020,T1,Ga Nội Địa T1,420321697272,420322446363,F1 - Departure,1,Phòng Chờ Khởi Hành,Departure Lounge,Phòng Chờ Khởi Hành,10.812819644363,106.66191912825,40,poi-lounge,,+84 28 3848 5634,http://tansonnhatairport.vn/,24 Hours,available,
420364752121,T1,Ga Nội Địa T1,420321697272,420322446363,F1 - Departure,1,Phòng Chờ Khởi Hành,Departure Lounge,Phòng Chờ Khởi Hành,10.812802435012,106.66171364814,40,poi-lounge,,+84 28 3848 5634,http://tansonnhatairport.vn/,24 Hours,available,
420364752626,T1,Ga Nội Địa T1,420321697272,420322446363,F1 - Departure,1,Phòng Chờ Khởi Hành,Departure Lounge,Phòng Chờ Khởi Hành,10.813017893583,106.66168249874,40,poi-lounge,,+84 28 3848 5634,http://tansonnhatairport.vn/,24 Hours,available,
420364752525,T1,Ga Nội Địa T1,420321697272,420322446363,F1 - Departure,1,Phòng Chờ Khởi Hành,Departure Lounge,Phòng Chờ Khởi Hành,10.813633414363,106.66179203617,40,poi-lounge,,+84 28 3848 5634,http://tansonnhatairport.vn/,24 Hours,available,
420364753030,T1,Ga Nội Địa T1,420321697272,420322446363,F1 - Departure,1,Phòng Chờ Khởi Hành,Departure Lounge,Phòng Chờ Khởi Hành,10.813322714859,106.66176345388,40,poi-lounge,,+84 28 3848 5634,http://tansonnhatairport.vn/,24 Hours,available,
420364712323,T2,Ga Quốc Tế T2,420321697575,420322445858,F1 - Gate,1,Phòng Chờ Khởi Hành,Departure Lounge,Phòng Chờ Khởi Hành,10.815566385516,106.6619686872,52,poi-public-chair,,+84 28 3848 5634,http://tansonnhatairport.vn/,24 Hours,available,
420364710606,T2,Ga Quốc Tế T2,420321697575,420322445858,F1 - Gate,1,Phòng Chờ Khởi Hành,Departure Lounge,Phòng Chờ Khởi Hành,10.81582240945,106.66191860937,52,poi-public-chair,,+84 28 3848 5634,http://tansonnhatairport.vn/,24 Hours,available,
420364710707,T2,Ga Quốc Tế T2,420321697575,420322445858,F1 - Gate,1,Phòng Chờ Khởi Hành,Departure Lounge,Phòng Chờ Khởi Hành,10.816439839235,106.66234800437,52,poi-public-chair,,+84 28 3848 5634,http://tansonnhatairport.vn/,24 Hours,available,
420364711313,T2,Ga Quốc Tế T2,420321697575,420322445858,F1 - Gate,1,Phòng Chờ Khởi Hành,Departure Lounge,Phòng Chờ Khởi Hành,10.81683929545,106.66335918786,52,poi-public-chair,,+84 28 3848 5634,http://tansonnhatairport.vn/,24 Hours,available,
420364784949,T2,Ga Quốc Tế T2,420321697575,420322445858,F1 - Gate,1,Phòng Chờ Orchid,Orchid Lounge,Phòng Chờ Orchid,10.816679058829,106.66297823967,40,poi-lounge,,+84 28 3848 5634,http://tansonnhatairport.vn/,24 Hours,available,
420364794444,T2,Ga Quốc Tế T2,420321697575,420322445656,F0 - Arrival,0,Phòng Chờ Orchird,Orchird Lounge,Phòng Chờ Orchird,10.817266758965,106.66460681532,40,poi-lounge,,+84 28 3848 5634,http://tansonnhatairport.vn/,24 Hours,available,
420364784848,T2,Ga Quốc Tế T2,420321697575,420322445858,F1 - Gate,1,Phòng Chờ Rose,Rose Lounge,Phòng Chờ Rose,10.81631991739,106.6620388343,40,poi-lounge,,+84 28 3848 5634,http://tansonnhatairport.vn/,24 Hours,available,
420372055555,T3,Ga Nội Địa T3,420321772424,420322472222,F4,4,Phòng chờ sân bay SH,SH Airport Lounge,Phòng chờ sân bay SH,10.811987082199,106.65359535603,40,poi-lounge,,,,,available,
420364772929,T1,Ga Nội Địa T1,420321697272,420322446363,F1 - Departure,1,Phòng Chờ Thương Gia Le Saigonnais - SASCO,Le Saigonnais - SASCO Business Lounge,Phòng Chờ Thương Gia Le Saigonnais - SASCO,10.814501103543,106.6619457064,40,poi-lounge,,+84 28 3848 5634,http://tansonnhatairport.vn/,24 Hours,available,
420372035353,T3,Ga Nội Địa T3,420321772424,420322472222,F4,4,Phòng chờ VIP A – ACV – Cảng Hàng không Quốc tế Tân Sơn Nhất,VIP Lounge A – ACV – Tan Son Nhat International Airport,Phòng chờ VIP A – ACV – Cảng Hàng không Quốc tế Tân Sơn Nhất,10.812460749002,106.65485797387,40,poi-lounge,,,,,available,
420364761212,T1,Ga Nội Địa T1,420321697272,420322446262,F0 - Arrival|Checkin,0,Phòng Chờ Xe Buýt,Bus lounge,Phòng Chờ Xe Buýt,10.814945664443,106.66218215593,40,poi-lounge,,+84 28 3848 5634,http://tansonnhatairport.vn/,24 Hours,available,
420364788989,T1,Ga Nội Địa T1,420321697272,420322446262,F0 - Arrival|Checkin,0,Phòng giao dịch Vietinbank,VietinBank Branch,Phòng giao dịch Vietinbank,10.813561185041,106.66247234698,18,node-poi,,+84 28 3848 5634,http://tansonnhatairport.vn/,24 Hours,available,https://mapper-images-singapore.s3-ap-southeast-1.amazonaws.com/seedpoi/logos/company15/18562349891735028755.png
420371977979,T3,Ga Nội Địa T3,420321772424,420322472222,F4,4,Phòng hút thuốc,Smoking Room,Phòng hút thuốc,10.811176049217,106.65138991645,19,poi-smoking,,,,,available,
420371979191,T3,Ga Nội Địa T3,420321772424,420322472222,F4,4,Phòng hút thuốc,Smoking Room,Phòng hút thuốc,10.81301415401,106.65617445727,19,poi-smoking,,,,,available,
420372055454,T3,Ga Nội Địa T3,420321772424,420322472222,F4,4,Phòng Khách Bông Sen,Lotus Lounge,Phòng Khách Bông Sen,10.811624882227,106.65261971126,40,poi-lounge,,,,,available,https://mapper-images-singapore.s3-ap-southeast-1.amazonaws.com/seedpoi/logos/company15/17483188335435422.png
420372038282,T3,Ga Nội Địa T3,420321772424,420322472222,F4,4,Phòng Khách Bông Sen,Lotus Lounge,Phòng Khách Bông Sen,10.812140629621,106.65400870132,40,poi-lounge,,,,,available,https://mapper-images-singapore.s3-ap-southeast-1.amazonaws.com/seedpoi/logos/company15/17490076562282272.png
420372035959,T3,Ga Nội Địa T3,420321772424,420322472222,F4,4,Phòng Khách Techcombank,Techcombank Lounge,Phòng Khách Techcombank,10.812862980453,106.65590167835,40,poi-lounge,,,,,available,
420372037979,T3,Ga Nội Địa T3,420321772424,420322472222,F4,4,Phòng Khách The SENS,The SENS Lounge,Phòng Khách The SENS,10.811298073034,106.6517460545,40,poi-lounge,,,,,available,
420372035454,T3,Ga Nội Địa T3,420321772424,420322472222,F4,4,Phòng Khách Thương Gia Nam Á Bank,Nam A Bank Business Lounge,Phòng Khách Thương Gia Nam Á Bank,10.812269705993,106.6543201119,40,poi-lounge,,,,,available,
420372035858,T3,Ga Nội Địa T3,420321772424,420322472222,F4,4,Phòng Khách Vietcombank,Vietcombank Lounge,Phòng Khách Vietcombank,10.812745307713,106.65558363534,40,poi-lounge,,,,,available,
420371693030,T1,Ga Nội Địa T1,420321697272,420322446262,F0 - Arrival|Checkin,0,Phòng Tắm,Bathroom,Phòng Tắm,10.813008658837,106.66183201221,4,poi-wc,,+84 28 3848 5634,http://tansonnhatairport.vn/,24 Hours,available,
420371692828,T1,Ga Nội Địa T1,420321697272,420322446262,F0 - Arrival|Checkin,0,Phòng Tắm,Bathroom,Phòng Tắm,10.81362067156,106.6621133246,4,poi-wc,,+84 28 3848 5634,http://tansonnhatairport.vn/,24 Hours,available,
420371693232,T1,Ga Nội Địa T1,420321697272,420322446262,F0 - Arrival|Checkin,0,Phòng Tắm,Bathroom,Phòng Tắm,10.814717081247,106.66249435754,4,poi-wc,,+84 28 3848 5634,http://tansonnhatairport.vn/,24 Hours,available,
420364751111,T1,Ga Nội Địa T1,420321697272,420322446363,F1 - Departure,1,Phúc Anh Minh,Phuc Anh Minh,Phúc Anh Minh,10.814726836347,106.66206623098,18,node-poi,"1,3,8",+84 28 3848 5634,http://tansonnhatairport.vn/,24 Hours,available,https://mapper-images-singapore.s3-ap-southeast-1.amazonaws.com/seedpoi/logos/company15/2347424851735028757.png
420364751818,T1,Ga Nội Địa T1,420321697272,420322446363,F1 - Departure,1,Phúc Long Coffee & Tea,Phuc Long Coffee & Tea,Phúc Long Coffee & Tea,10.813848897775,106.66231664364,18,node-poi,8,+84 28 3848 5634,http://tansonnhatairport.vn/,24 Hours,available,https://mapper-images-singapore.s3-ap-southeast-1.amazonaws.com/seedpoi/logos/company15/2347524201735028758.png
420364778989,T2,Ga Quốc Tế T2,420321697575,420322445959,F2 - Departure,2,Pictures,Pictures,Pictures,10.816272549809,106.66231315143,18,node-poi,,+84 28 3848 5634,http://tansonnhatairport.vn/,24 Hours,available,
420364755858,T1,Ga Nội Địa T1,420321697272,420322446363,F1 - Departure,1,PNJ,PNJ,PNJ,10.814473332459,106.66209362449,18,node-poi,12,+84 28 3848 5634,http://tansonnhatairport.vn/,24 Hours,available,https://mapper-images-singapore.s3-ap-southeast-1.amazonaws.com/seedpoi/logos/company15/18579746071735028757.png
420364779999,T2,Ga Quốc Tế T2,420321697575,420322445959,F2 - Departure,2,PNJ,PNJ,PNJ,10.816515139758,106.66295711617,18,node-poi,,+84 28 3848 5634,http://tansonnhatairport.vn/,24 Hours,available,https://mapper-images-singapore.s3-ap-southeast-1.amazonaws.com/seedpoi/logos/company15/17282720081735028728.png
420364758181,T1,Ga Nội Địa T1,420321697272,420322446363,F1 - Departure,1,Popeyes,Popeyes,Popeyes,10.814040603589,106.66236653923,18,node-poi,"8,18",+84 28 3848 5366,http://tansonnhatairport.vn/,10AM-10PM,available,https://mapper-images-singapore.s3-ap-southeast-1.amazonaws.com/seedpoi/logos/company15/18579160581735028757.png
420364749898,T1,Ga Nội Địa T1,420321697272,420322446363,F1 - Departure,1,Prima,Prima,Prima,10.813824559845,106.66179684879,18,node-poi,,+84 28 3848 5634,http://tansonnhatairport.vn/,24 Hours,available,https://mapper-images-singapore.s3-ap-southeast-1.amazonaws.com/seedpoi/logos/company15/23476556871735028758.png
420364791717,T1,Ga Nội Địa T1,420321697272,420322446262,F0 - Arrival|Checkin,0,Puro Gusto,Puro Gusto,Puro Gusto,10.814211419492,106.66252200689,18,node-poi,,+84 28 3848 5634,http://tansonnhatairport.vn/,24 Hours,available,https://mapper-images-singapore.s3-ap-southeast-1.amazonaws.com/seedpoi/logos/company15/18561642861735028755.png
420364794242,T2,Ga Quốc Tế T2,420321697575,420322445656,F0 - Arrival,0,Quán Cà Phê,Coffee Shop,Quán Cà Phê,10.81642408102,106.66282931235,18,node-poi,8,+84 28 3848 5634,http://tansonnhatairport.vn/,24 Hours,available,https://mapper-images-singapore.s3-ap-southeast-1.amazonaws.com/seedpoi/logos/company15/29693136501735028730.png
420364794848,T2,Ga Quốc Tế T2,420321697575,420322445656,F0 - Arrival,0,Quán Cà Phê,Coffee Shop,Quán Cà Phê,10.81763723167,106.66582548885,18,node-poi,8,+84 28 3848 5634,http://tansonnhatairport.vn/,24 Hours,available,https://mapper-images-singapore.s3-ap-southeast-1.amazonaws.com/seedpoi/logos/company15/29695723221735028730.png
420372035252,T3,Ga Nội Địa T3,420321772424,420322472222,F4,4,Quầy Bán Lẻ,Retail Counter,Quầy Bán Lẻ,10.812411186405,106.65465840638,18,node-poi,,,,,available,https://mapper-images-singapore.s3-ap-southeast-1.amazonaws.com/seedpoi/logos/company15/17490077286166152.png
420364775050,T2,Ga Quốc Tế T2,420321697575,420322445959,F2 - Departure,2,Quầy Làm Thủ Tục Trực Tuyến Vietnam Airlines B7,Vietnam Airlines Web Check-in Counter B7,Quầy Làm Thủ Tục Trực Tuyến Vietnam Airlines B7,10.815908733488,106.66348141138,34,poi-checkin-counter,,+84 24 38320320 | 1900 1100,https://www.vietnamairlines.com/,24 Hours,available,https://mapper-images-singapore.s3-ap-southeast-1.amazonaws.com/seedpoi/logos/company15/17289995721735028728.png
420372010202,T3,Ga Nội Địa T3,420321772424,420322474848,F3 - Departure,3,Quầy làm thủ tục VietJet Air 11-15,VietJet Air Check-in Counter 11-15,Quầy làm thủ tục VietJet Air 11-15,10.811439128257,106.65239952353,34,poi-checkin-counter,,,,,available,https://mapper-images-singapore.s3-ap-southeast-1.amazonaws.com/2638/logos/poi_17478977784514502_22661749455020.png
420372010303,T3,Ga Nội Địa T3,420321772424,420322474848,F3 - Departure,3,Quầy làm thủ tục VietJet Air 16-20,VietJet Air Check-in Counter 16-20,Quầy làm thủ tục VietJet Air 16-20,10.811477576939,106.65250657722,34,poi-checkin-counter,,,,,available,https://mapper-images-singapore.s3-ap-southeast-1.amazonaws.com/2638/logos/poi_17478977852232222_4851749455031.png
420371989999,T3,Ga Nội Địa T3,420321772424,420322474848,F3 - Departure,3,Quầy làm thủ tục VietJet Air 21-25,VietJet Air Check-in Counter 21-25,Quầy làm thủ tục VietJet Air 21-25,10.811515778621,106.65260181233,34,poi-checkin-counter,,,,,available,https://mapper-images-singapore.s3-ap-southeast-1.amazonaws.com/2638/logos/poi_17482509970009992_11131749455041.png
420371989696,T3,Ga Nội Địa T3,420321772424,420322474848,F3 - Departure,3,Quầy làm thủ tục VietJet Air 26-30,VietJet Air Check-in Counter 26-30,Quầy làm thủ tục VietJet Air 26-30,10.811567400284,106.65274559553,34,poi-checkin-counter,,,,,available,https://mapper-images-singapore.s3-ap-southeast-1.amazonaws.com/2638/logos/poi_17482510186086072_13651749455050.png
420372010000,T3,Ga Nội Địa T3,420321772424,420322474848,F3 - Departure,3,Quầy làm thủ tục VietJet Air 31-35,VietJet Air Check-in Counter 31-35,Quầy làm thủ tục VietJet Air 31-35,10.811598241536,106.65283179506,34,poi-checkin-counter,,,,,available,https://mapper-images-singapore.s3-ap-southeast-1.amazonaws.com/2638/logos/poi_17478977893303292_77281749455059.png
420371989797,T3,Ga Nội Địa T3,420321772424,420322474848,F3 - Departure,3,Quầy làm thủ tục VietJet Air 36-40,VietJet Air Check-in Counter 36-40,Quầy làm thủ tục VietJet Air 36-40,10.811630054316,106.65291336776,34,poi-checkin-counter,,,,,available,https://mapper-images-singapore.s3-ap-southeast-1.amazonaws.com/2638/logos/poi_17482510394084072_16711749455069.png
420371990202,T3,Ga Nội Địa T3,420321772424,420322474848,F3 - Departure,3,Quầy làm thủ tục VietJet Air 41-45,VietJet Air Check-in Counter 41-45,Quầy làm thủ tục VietJet Air 41-45,10.811660467443,106.65299683473,34,poi-checkin-counter,,,,,available,https://mapper-images-singapore.s3-ap-southeast-1.amazonaws.com/2638/logos/poi_17482510499209192_72721749455079.png
420372010101,T3,Ga Nội Địa T3,420321772424,420322474848,F3 - Departure,3,Quầy làm thủ tục VietJet Air 46-50,VietJet Air Check-in Counter 46-50,Quầy làm thủ tục VietJet Air 46-50,10.811697483542,106.65309750139,34,poi-checkin-counter,,,,,available,https://mapper-images-singapore.s3-ap-southeast-1.amazonaws.com/2638/logos/poi_1747897793030292_41351749455088.png
420372010606,T3,Ga Nội Địa T3,420321772424,420322474848,F3 - Departure,3,Quầy làm thủ tục VietJet Air 51-55,VietJet Air Check-in Counter 51-55,Quầy làm thủ tục VietJet Air 51-55,10.811725428911,106.65318626348,34,poi-checkin-counter,,,,,available,https://mapper-images-singapore.s3-ap-southeast-1.amazonaws.com/2638/logos/poi_17478977969309292_1881749455098.png
420371990303,T3,Ga Nội Địa T3,420321772424,420322474848,F3 - Departure,3,Quầy làm thủ tục Vietnam Airlines 56-60,Vietnam Airlines Check-in Counter 56-60,Quầy làm thủ tục Vietnam Airlines 56-60,10.812023661708,106.65396758809,34,poi-checkin-counter,,,,,available,https://mapper-images-singapore.s3-ap-southeast-1.amazonaws.com/seedpoi/logos/company15/17482510788488472.png
420371990101,T3,Ga Nội Địa T3,420321772424,420322474848,F3 - Departure,3,Quầy làm thủ tục Vietnam Airlines 61-65,Vietnam Airlines Check-in Counter 61-65,Quầy làm thủ tục Vietnam Airlines 61-65,10.812049184338,106.65404277376,34,poi-checkin-counter,,,,,available,https://mapper-images-singapore.s3-ap-southeast-1.amazonaws.com/seedpoi/logos/company15/17482510914804792.png
420371987272,T3,Ga Nội Địa T3,420321772424,420322474848,F3 - Departure,3,Quầy làm thủ tục Vietnam Airlines 66-70,Vietnam Airlines Check-in Counter 66-70,Quầy làm thủ tục Vietnam Airlines 66-70,10.812079580981,106.65411252798,34,poi-checkin-counter,,,,,available,https://mapper-images-singapore.s3-ap-southeast-1.amazonaws.com/seedpoi/logos/company15/17482511897006992.png
420372010707,T3,Ga Nội Địa T3,420321772424,420322474848,F3 - Departure,3,Quầy làm thủ tục Vietnam Airlines 71-75,Vietnam Airlines Check-in Counter 71-75,Quầy làm thủ tục Vietnam Airlines 71-75,10.8121044614,106.65418436089,34,poi-checkin-counter,,,,,available,https://mapper-images-singapore.s3-ap-southeast-1.amazonaws.com/seedpoi/logos/company15/17478978012862852.png
420371989595,T3,Ga Nội Địa T3,420321772424,420322474848,F3 - Departure,3,Quầy làm thủ tục Vietnam Airlines 76-80,Vietnam Airlines Check-in Counter 76-80,Quầy làm thủ tục Vietnam Airlines 76-80,10.812131433058,106.65425258958,34,poi-checkin-counter,,,,,available,https://mapper-images-singapore.s3-ap-southeast-1.amazonaws.com/seedpoi/logos/company15/17482507649249232.png
420372010404,T3,Ga Nội Địa T3,420321772424,420322474848,F3 - Departure,3,Quầy làm thủ tục Vietnam Airlines 81-85,Vietnam Airlines Check-in Counter 81-85,Quầy làm thủ tục Vietnam Airlines 81-85,10.812159483419,106.65432278997,34,poi-checkin-counter,,,,,available,https://mapper-images-singapore.s3-ap-southeast-1.amazonaws.com/seedpoi/logos/company15/17478978064154142.png
420371989292,T3,Ga Nội Địa T3,420321772424,420322474848,F3 - Departure,3,Quầy làm thủ tục Vietnam Airlines 86-90,Vietnam Airlines Check-in Counter 86-90,Quầy làm thủ tục Vietnam Airlines 86-90,10.812181871279,106.65439435878,34,poi-checkin-counter,,,,,available,https://mapper-images-singapore.s3-ap-southeast-1.amazonaws.com/seedpoi/logos/company15/17482508208648632.png
420372010505,T3,Ga Nội Địa T3,420321772424,420322474848,F3 - Departure,3,Quầy làm thủ tục Vietnam Airlines 91-95,Vietnam Airlines Check-in Counter 91-95,Quầy làm thủ tục Vietnam Airlines 91-95,10.812243096635,106.65453460231,34,poi-checkin-counter,,,,,available,https://mapper-images-singapore.s3-ap-southeast-1.amazonaws.com/seedpoi/logos/company15/17478978112192182.png
420371989393,T3,Ga Nội Địa T3,420321772424,420322474848,F3 - Departure,3,Quầy làm thủ tục Vietnam Airlines 96-99,Vietnam Airlines Check-in Counter 96-99,Quầy làm thủ tục Vietnam Airlines 96-99,10.812265896096,106.65460665787,34,poi-checkin-counter,,,,,available,https://mapper-images-singapore.s3-ap-southeast-1.amazonaws.com/seedpoi/logos/company15/1748250837052512.png
420364775151,T2,Ga Quốc Tế T2,420321697575,420322445959,F2 - Departure,2,Quầy Làm Thủ Tục Vietnam Airlines A1 - A10,Vietnam Airlines Check-in Counter A1 - A10,Quầy Làm Thủ Tục Vietnam Airlines A1 - A10,10.815906120101,106.66342833473,34,poi-checkin-counter,,+84 24 38320320 | 1900 1100,https://www.vietnamairlines.com/,24 Hours,available,https://mapper-images-singapore.s3-ap-southeast-1.amazonaws.com/seedpoi/logos/company15/17290073281735028728.png
420364798282,T2,Ga Quốc Tế T2,420321697575,420322445656,F0 - Arrival,0,Quầy Thông Tin,Information Desk,Quầy Thông Tin,10.816031747539,106.66418825734,8,poi-info,,+84 28 3848 5634,http://tansonnhatairport.vn/,24 Hours,available,
420364798383,T2,Ga Quốc Tế T2,420321697575,420322445656,F0 - Arrival,0,Quầy Thông Tin Du Lịch,Tourist Information,Quầy Thông Tin Du Lịch,10.816051026101,106.6642390571,8,poi-info,,+84 28 3848 5634,http://tansonnhatairport.vn/,24 Hours,available,
420364787575,T1,Ga Nội Địa T1,420321697272,420322446262,F0 - Arrival|Checkin,0,Quầy Thủ Tục,Check-in Counter,Quầy Thủ Tục,10.814261227741,106.66220263168,34,poi-checkin-counter,,+84 28 3848 5634,http://tansonnhatairport.vn/,24 Hours,available,
420364776767,T2,Ga Quốc Tế T2,420321697575,420322445959,F2 - Departure,2,Quầy Thủ Tục A,Check-in Counter A,Quầy Thủ Tục A,10.81596270139,106.66340497606,34,poi-checkin-counter,,+84 28 3848 5634,http://tansonnhatairport.vn/,24 Hours,available,
420364788383,T1,Ga Nội Địa T1,420321697272,420322446262,F0 - Arrival|Checkin,0,Quầy Thủ Tục A,Check-in Counter A,Quầy Thủ Tục A,10.812696975946,106.66212740186,34,poi-checkin-counter,,+84 28 3848 5634,http://tansonnhatairport.vn/,24 Hours,available,
420364788080,T1,Ga Nội Địa T1,420321697272,420322446262,F0 - Arrival|Checkin,0,Quầy Thủ Tục B,Check-in Counter B,Quầy Thủ Tục B,10.812760617583,106.66214003608,34,poi-checkin-counter,,+84 28 3848 5634,http://tansonnhatairport.vn/,24 Hours,available,
420364759696,T1,Ga Nội Địa T1,420321697272,420322446262,F0 - Arrival|Checkin,0,Quầy Thủ Tục Bamboo Airways G7-G12,Bamboo Airways Check-in Counters G7-G12,Quầy Thủ Tục Bamboo Airways G7-G12,10.813496718121,106.66211857891,34,poi-checkin-counter,,+84 28 3848 5634,http://tansonnhatairport.vn/,24 Hours,available,https://mapper-images-singapore.s3-ap-southeast-1.amazonaws.com/seedpoi/logos/company15/20681250981735028756.png
420364776464,T2,Ga Quốc Tế T2,420321697575,420322445959,F2 - Departure,2,Quầy Thủ Tục C,Check-in Counter C,Quầy Thủ Tục C,10.81604515998,106.6636845297,34,poi-checkin-counter,,+84 28 3848 5634,http://tansonnhatairport.vn/,24 Hours,available,
420364787777,T1,Ga Nội Địa T1,420321697272,420322446262,F0 - Arrival|Checkin,0,Quầy Thủ Tục C,Check-in Counter C,Quầy Thủ Tục C,10.813168632917,106.66213663024,34,poi-checkin-counter,,+84 28 3848 5634,http://tansonnhatairport.vn/,24 Hours,available,
420364774848,T2,Ga Quốc Tế T2,420321697575,420322445959,F2 - Departure,2,Quầy Thủ Tục D,Check-in Counter D,Quầy Thủ Tục D,10.816065157919,106.66373470378,34,poi-checkin-counter,,+84 28 3848 5634,http://tansonnhatairport.vn/,24 Hours,available,
420364788282,T1,Ga Nội Địa T1,420321697272,420322446262,F0 - Arrival|Checkin,0,Quầy Thủ Tục D,Check-in Counter D,Quầy Thủ Tục D,10.813212089278,106.66214147377,34,poi-checkin-counter,,+84 28 3848 5634,http://tansonnhatairport.vn/,24 Hours,available,
420364774949,T2,Ga Quốc Tế T2,420321697575,420322445959,F2 - Departure,2,Quầy Thủ Tục E,Check-in Counter E,Quầy Thủ Tục E,10.816151213069,106.6639492591,34,poi-checkin-counter,,+84 28 3848 5634,http://tansonnhatairport.vn/,24 Hours,available,
420364788181,T1,Ga Nội Địa T1,420321697272,420322446262,F0 - Arrival|Checkin,0,Quầy Thủ Tục E,Check-in Counter E,Quầy Thủ Tục E,10.813320958564,106.66215149464,34,poi-checkin-counter,,+84 28 3848 5634,http://tansonnhatairport.vn/,24 Hours,available,
420364776565,T2,Ga Quốc Tế T2,420321697575,420322445959,F2 - Departure,2,Quầy Thủ Tục F,Check-in Counter F,Quầy Thủ Tục F,10.816166608767,106.66399667972,34,poi-checkin-counter,,+84 28 3848 5634,http://tansonnhatairport.vn/,24 Hours,available,
420364788686,T1,Ga Nội Địa T1,420321697272,420322446262,F0 - Arrival|Checkin,0,Quầy Thủ Tục F,Check-in Counter F,Quầy Thủ Tục F,10.813368570415,106.66215756317,34,poi-checkin-counter,,+84 28 3848 5634,http://tansonnhatairport.vn/,24 Hours,available,
420364777070,T2,Ga Quốc Tế T2,420321697575,420322445959,F2 - Departure,2,Quầy Thủ Tục G,Check-in Counter G,Quầy Thủ Tục G,10.816276695168,106.66426706743,34,poi-checkin-counter,,+84 28 3848 5634,http://tansonnhatairport.vn/,24 Hours,available,
420364788787,T1,Ga Nội Địa T1,420321697272,420322446262,F0 - Arrival|Checkin,0,Quầy Thủ Tục G,Check-in Counter G,Quầy Thủ Tục G,10.813490098734,106.66216941518,34,poi-checkin-counter,,+84 28 3848 5634,http://tansonnhatairport.vn/,24 Hours,available,
420364775454,T2,Ga Quốc Tế T2,420321697575,420322445959,F2 - Departure,2,Quầy Thủ Tục H,Check-in Counter H,Quầy Thủ Tục H,10.816297442302,106.66431811322,34,poi-checkin-counter,,+84 28 3848 5634,http://tansonnhatairport.vn/,24 Hours,available,
420364788484,T1,Ga Nội Địa T1,420321697272,420322446262,F0 - Arrival|Checkin,0,Quầy Thủ Tục H,Check-in Counter H,Quầy Thủ Tục H,10.81353787522,106.66217908789,34,poi-checkin-counter,,+84 28 3848 5634,http://tansonnhatairport.vn/,24 Hours,available,
420364787373,T1,Ga Nội Địa T1,420321697272,420322446262,F0 - Arrival|Checkin,0,Quầy Thủ Tục Hạng Phổ Thông Vietnam Airlines,Vietnam Airlines Economy Class Check-in Counter,Quầy Thủ Tục Hạng Phổ Thông Vietnam Airlines,10.812692620631,106.66218841377,34,poi-checkin-counter,,1900 1100 | +84 24 38320320,https://www.vietnamairlines.com/,24 Hours,available,https://mapper-images-singapore.s3-ap-southeast-1.amazonaws.com/seedpoi/logos/company15/18565773121735028756.png
420364787878,T1,Ga Nội Địa T1,420321697272,420322446262,F0 - Arrival|Checkin,0,Quầy Thủ Tục Hạng Phổ Thông Vietnam Airlines,Vietnam Airlines Economy Class Check-in Counter,Quầy Thủ Tục Hạng Phổ Thông Vietnam Airlines,10.812766133871,106.66208784767,34,poi-checkin-counter,,1900 1100 | +84 24 38320320,https://www.vietnamairlines.com/,24 Hours,available,https://mapper-images-singapore.s3-ap-southeast-1.amazonaws.com/seedpoi/logos/company15/18565840771735028756.png
420364787272,T1,Ga Nội Địa T1,420321697272,420322446262,F0 - Arrival|Checkin,0,Quầy Thủ Tục Hạng Thương Gia Vietnam Airlines,Vietnam Airlines Business Class Check-in Counter,Quầy Thủ Tục Hạng Thương Gia Vietnam Airlines,10.813183853193,106.66221167671,34,poi-checkin-counter,,1900 1100 | +84 24 38320320,https://www.vietnamairlines.com/,24 Hours,available,https://mapper-images-singapore.s3-ap-southeast-1.amazonaws.com/seedpoi/logos/company15/18565612951735028756.png
420364774444,T2,Ga Quốc Tế T2,420321697575,420322445959,F2 - Departure,2,Quầy Thủ Tục Hạng Thương Gia Vietnam Airlines B1 - B5,Vietnam Airlines Business Check-in Counter B1 - B5,Quầy Thủ Tục Hạng Thương Gia Vietnam Airlines B1 - B5,10.816017425543,106.66344106926,34,poi-checkin-counter,,+84 24 38320320 | 1900 1100,https://www.vietnamairlines.com/,24 Hours,available,https://mapper-images-singapore.s3-ap-southeast-1.amazonaws.com/seedpoi/logos/company15/17289647651735028728.png
420364775858,T2,Ga Quốc Tế T2,420321697575,420322445959,F2 - Departure,2,Quầy Thủ Tục I,Check-in Counter I,Quầy Thủ Tục I,10.816377827143,106.66453307761,34,poi-checkin-counter,,+84 28 3848 5634,http://tansonnhatairport.vn/,24 Hours,available,
420364760202,T1,Ga Nội Địa T1,420321697272,420322446262,F0 - Arrival|Checkin,0,Quầy Thủ Tục J,Check-in Counter J,Quầy Thủ Tục J,10.814467341973,106.66222161669,34,poi-checkin-counter,,+84 28 3848 5634,http://tansonnhatairport.vn/,24 Hours,available,
420364775959,T2,Ga Quốc Tế T2,420321697575,420322445959,F2 - Departure,2,Quầy Thủ Tục J,Check-in Counter J,Quầy Thủ Tục J,10.816398244951,106.66458537021,34,poi-checkin-counter,,+84 28 3848 5634,http://tansonnhatairport.vn/,24 Hours,available,
420364757070,T1,Ga Nội Địa T1,420321697272,420322446262,F0 - Arrival|Checkin,0,Quầy Thủ Tục Jestar Pacific,Jetstar Pacific Check-in Counter,Quầy Thủ Tục Jestar Pacific,10.813337589378,106.66222501233,34,poi-checkin-counter,,+84 28 3848 5634,http://tansonnhatairport.vn/,24 Hours,available,https://mapper-images-singapore.s3-ap-southeast-1.amazonaws.com/seedpoi/logos/company15/20681459621735028756.png
420364760303,T1,Ga Nội Địa T1,420321697272,420322446262,F0 - Arrival|Checkin,0,Quầy Thủ Tục K,Check-in Counter K,Quầy Thủ Tục K,10.814538352344,106.66223306977,34,poi-checkin-counter,,+84 28 3848 5634,http://tansonnhatairport.vn/,24 Hours,available,
420364777171,T2,Ga Quốc Tế T2,420321697575,420322445959,F2 - Departure,2,Quầy Thủ Tục K,Check-in Counter K,Quầy Thủ Tục K,10.816480009616,106.66479599995,34,poi-checkin-counter,,+84 28 3848 5634,http://tansonnhatairport.vn/,24 Hours,available,
420364787979,T1,Ga Nội Địa T1,420321697272,420322446262,F0 - Arrival|Checkin,0,Quầy Thủ Tục Không Hành Lý Vietnam Airlines,Vietnam Airlines No Baggage Check-in Counter,Quầy Thủ Tục Không Hành Lý Vietnam Airlines,10.812749363077,106.66225354116,34,poi-checkin-counter,,1900 1100 | +84 24 38320320,https://www.vietnamairlines.com/,24 Hours,available,https://mapper-images-singapore.s3-ap-southeast-1.amazonaws.com/seedpoi/logos/company15/18565977331735028756.png
420364775353,T2,Ga Quốc Tế T2,420321697575,420322445959,F2 - Departure,2,Quầy Thủ Tục L,Check-in Counter L,Quầy Thủ Tục L,10.816495284168,106.66484367558,34,poi-checkin-counter,,+84 28 3848 5634,http://tansonnhatairport.vn/,24 Hours,available,
420364787676,T1,Ga Nội Địa T1,420321697272,420322446262,F0 - Arrival|Checkin,0,Quầy Thủ Tục Trực Tuyến Vietnam Airlines,Vietnam Airlines Web Check-in Counter,Quầy Thủ Tục Trực Tuyến Vietnam Airlines,10.812754928642,106.66219980477,34,poi-checkin-counter,,1900 1100 | +84 24 38320320,https://www.vietnamairlines.com/,24 Hours,available,https://mapper-images-singapore.s3-ap-southeast-1.amazonaws.com/seedpoi/logos/company15/18566056261735028756.png
420364759797,T1,Ga Nội Địa T1,420321697272,420322446262,F0 - Arrival|Checkin,0,Quầy Thủ Tục Vasco,Vasco Check-in Counter,Quầy Thủ Tục Vasco,10.813484170926,106.6622257667,34,poi-checkin-counter,,+84 28 3848 5634,http://tansonnhatairport.vn/,24 Hours,available,
420364774545,T2,Ga Quốc Tế T2,420321697575,420322445959,F2 - Departure,2,Quầy Thủ Tục Vietnam Airlines B6 - B10,Vietnam Airlines Check-in Counter B6 - B10,Quầy Thủ Tục Vietnam Airlines B6 - B10,10.815958471686,106.663463874,34,poi-checkin-counter,,+84 24 38320320 | 1900 1100,https://www.vietnamairlines.com/,24 Hours,available,https://mapper-images-singapore.s3-ap-southeast-1.amazonaws.com/seedpoi/logos/company15/17289892821735028728.png
420364757272,T1,Ga Nội Địa T1,420321697272,420322446262,F0 - Arrival|Checkin,0,Quầy Tự Làm Thủ Tục,Self Check-in Counter,Quầy Tự Làm Thủ Tục,10.813301939077,106.66230725671,34,poi-checkin-counter,,+84 28 3848 5634,http://tansonnhatairport.vn/,24 Hours,available,
420371693636,T1,Ga Nội Địa T1,420321697272,420322446262,F0 - Arrival|Checkin,0,Quầy Tự Làm Thủ Tục,Self Check-in Counter,Quầy Tự Làm Thủ Tục,10.812912638655,106.66228945159,34,poi-checkin-counter,,+84 28 3848 5634,http://tansonnhatairport.vn/,24 Hours,available,
420364775656,T2,Ga Quốc Tế T2,420321697575,420322445959,F2 - Departure,2,Quầy Tự Làm Thủ Tục,Self Check-in Counter,Quầy Tự Làm Thủ Tục,10.815907687901,106.6635200603,34,poi-checkin-counter,,+84 28 3848 5634,http://tansonnhatairport.vn/,24 Hours,available,
420364787474,T1,Ga Nội Địa T1,420321697272,420322446262,F0 - Arrival|Checkin,0,Quầy Tự Làm Thủ Tục,Self Check-in Counter,Quầy Tự Làm Thủ Tục,10.81463172964,106.66247455283,34,poi-checkin-counter,,+84 28 3848 5634,http://tansonnhatairport.vn/,24 Hours,available,
420364788585,T1,Ga Nội Địa T1,420321697272,420322446262,F0 - Arrival|Checkin,0,Quầy Tự Làm Thủ Tục Vietnam Airlines,Vietnam Airlines Self Check-in Counter,Quầy Tự Làm Thủ Tục Vietnam Airlines,10.813016405009,106.66229411081,34,poi-checkin-counter,,+84 28 3848 5634,http://tansonnhatairport.vn/,24 Hours,available,https://mapper-images-singapore.s3-ap-southeast-1.amazonaws.com/seedpoi/logos/company15/1856706011735028756.png
420364758080,T1,Ga Nội Địa T1,420321697272,420322446262,F0 - Arrival|Checkin,0,Quầy Vé BamBoo Airways,BamBoo Airways Ticket Counter,Quầy Vé BamBoo Airways,10.813491240375,106.66231855436,20,poi-ticket,,+84 28 3848 5634,http://tansonnhatairport.vn/,24 Hours,available,https://mapper-images-singapore.s3-ap-southeast-1.amazonaws.com/seedpoi/logos/company15/23708747961735028756.png
420364757575,T1,Ga Nội Địa T1,420321697272,420322446262,F0 - Arrival|Checkin,0,Quầy Vé Jetstar,Jetstar Ticket Counter,Quầy Vé Jetstar,10.81333992646,106.66231095309,20,poi-ticket,,+84 28 3848 5634,http://tansonnhatairport.vn/,24 Hours,available,
420364757373,T1,Ga Nội Địa T1,420321697272,420322446262,F0 - Arrival|Checkin,0,Quầy Vé Máy Bay,Airline Ticket Counter,Quầy Vé Máy Bay,10.813231660548,106.66241083015,20,poi-ticket,,+84 28 3848 5634,http://tansonnhatairport.vn/,24 Hours,available,
420364756969,T1,Ga Nội Địa T1,420321697272,420322446262,F0 - Arrival|Checkin,0,Quầy Vé Vasco,Vasco Ticket Counter,Quầy Vé Vasco,10.813546727887,106.66232477363,20,poi-ticket,,+84 28 3848 5634,http://tansonnhatairport.vn/,24 Hours,available,
420364757777,T1,Ga Nội Địa T1,420321697272,420322446262,F0 - Arrival|Checkin,0,Quầy Vé Vietjet Air,Vietjet Air Ticket Counter,Quầy Vé Vietjet Air,10.814396229601,106.6624074244,20,poi-ticket,,+84 28 3848 5634,http://tansonnhatairport.vn/,24 Hours,available,https://mapper-images-singapore.s3-ap-southeast-1.amazonaws.com/seedpoi/logos/company15/23480050031735028756.png
420371758686,T3,Ga Nội Địa T3,420321772424,420322474848,F3 - Departure,3,Quầy vé VietJet Air,VietJet Air Ticket Counter,Quầy vé VietJet Air ,10.8113292526,106.65303131551,20,poi-ticket,,,,,available,https://mapper-images-singapore.s3-ap-southeast-1.amazonaws.com/seedpoi/logos/502432_edited_1749207150.png
420372009898,T3,Ga Nội Địa T3,420321772424,420322474848,F3 - Departure,3,Quầy vé VietJet Air,VietJet Air Ticket Counter,Quầy vé VietJet Air ,10.811177153762,106.65261745069,20,poi-ticket,,,,,available,https://mapper-images-singapore.s3-ap-southeast-1.amazonaws.com/seedpoi/logos/500944_edited_1749207139.png
420364757474,T1,Ga Nội Địa T1,420321697272,420322446262,F0 - Arrival|Checkin,0,Quầy Vé Vietnam Airlines,Vietnam Airlines Ticket Counter,Quầy Vé Vietnam Airlines,10.812977660126,106.66228989468,20,poi-ticket,,+84 28 3848 5634,http://tansonnhatairport.vn/,24 Hours,available,https://mapper-images-singapore.s3-ap-southeast-1.amazonaws.com/seedpoi/logos/company15/23479234871735028756.png
420372009999,T3,Ga Nội Địa T3,420321772424,420322474848,F3 - Departure,3,Quầy vé Vietnam Airlines,Vietnam Airlines Ticket Counter,Quầy vé Vietnam Airlines,10.811943825012,106.65466999016,20,poi-ticket,,,,,available,https://mapper-images-singapore.s3-ap-southeast-1.amazonaws.com/seedpoi/logos/company15/17478976242592582.png
420372011313,T3,Ga Nội Địa T3,420321772424,420322474848,F3 - Departure,3,Quick Bite Coffee,Quick Bite Coffee,Quick Bite Coffee,10.811892002136,106.65298097947,18,node-poi,,,,,available,https://mapper-images-singapore.s3-ap-southeast-1.amazonaws.com/seedpoi/logos/company15/17478903669639622.png
420371738383,T3,Ga Nội Địa T3,420321772424,420322474848,F3 - Departure,3,Relay,Relay,Relay,10.812733450586,106.65523932924,18,node-poi,,,,,available,https://mapper-images-singapore.s3-ap-southeast-1.amazonaws.com/seedpoi/logos/company15/17491146556236222.png
420371754545,T3,Ga Nội Địa T3,420321772424,420322474848,F3 - Departure,3,Relay,Relay,Relay,10.8110588474,106.65226634376,18,node-poi,,,,,available,https://mapper-images-singapore.s3-ap-southeast-1.amazonaws.com/seedpoi/logos/company15/17492048304274262.png
420364755555,T1,Ga Nội Địa T1,420321697272,420322446363,F1 - Departure,1,Saigon Market,Saigon Market,Saigon Market,10.813225859702,106.66198834778,18,node-poi,"5,8",+84 28 3848 5634,http://tansonnhatairport.vn/,24 Hours,available,https://mapper-images-singapore.s3-ap-southeast-1.amazonaws.com/seedpoi/logos/company15/18579465611735028757.png
420364790505,T2,Ga Quốc Tế T2,420321697575,420322445757,F3,3,Sale Song Viet,Sale Song Viet,Sale Song Viet,10.815911147053,106.66409119964,18,node-poi,,+84 28 3848 5634,http://tansonnhatairport.vn/,24 Hours,available,https://mapper-images-singapore.s3-ap-southeast-1.amazonaws.com/seedpoi/logos/company15/11807037171735028731.png
420364786363,T2,Ga Quốc Tế T2,420321697575,420322445858,F1 - Gate,1,Sasco Duty Free,Sasco Duty Free,Sasco Duty Free,10.81716955403,106.6644587533,37,poi-duty-free,,+84 28 3848 5634,http://tansonnhatairport.vn/,24 Hours,available,
420364786565,T2,Ga Quốc Tế T2,420321697575,420322445858,F1 - Gate,1,Sasco Duty Free,Sasco Duty Free,Sasco Duty Free,10.817399556281,106.66506765263,37,poi-duty-free,,+84 28 3848 5634,http://tansonnhatairport.vn/,24 Hours,available,
420364779696,T2,Ga Quốc Tế T2,420321697575,420322445959,F2 - Departure,2,Sasco Duty Free,Sasco Duty Free,Sasco Duty Free,10.816557988465,106.66287563176,37,poi-duty-free,,+84 28 3848 5634,http://tansonnhatairport.vn/,24 Hours,available,
420364780303,T2,Ga Quốc Tế T2,420321697575,420322445959,F2 - Departure,2,Sasco Duty Free,Sasco Duty Free,Sasco Duty Free,10.816815875734,106.66339346282,37,poi-duty-free,,+84 28 3848 5634,http://tansonnhatairport.vn/,24 Hours,available,
420364780707,T2,Ga Quốc Tế T2,420321697575,420322445959,F2 - Departure,2,Sasco Duty Free,Sasco Duty Free,Sasco Duty Free,10.817150057077,106.664277832,37,poi-duty-free,,+84 28 3848 5634,http://tansonnhatairport.vn/,24 Hours,available,
420364777878,T2,Ga Quốc Tế T2,420321697575,420322445959,F2 - Departure,2,Sasco Duty Free,Sasco Duty Free,Sasco Duty Free,10.817240405591,106.66467032069,37,poi-duty-free,,+84 28 3848 5634,http://tansonnhatairport.vn/,24 Hours,available,
420364778787,T2,Ga Quốc Tế T2,420321697575,420322445959,F2 - Departure,2,Sasco Duty Free,Sasco Duty Free,Sasco Duty Free,10.816843707104,106.66364159198,37,poi-duty-free,,+84 28 3848 5634,http://tansonnhatairport.vn/,24 Hours,available,
420364712020,T2,Ga Quốc Tế T2,420321697575,420322445858,F1 - Gate,1,Sasco Duty Free,Sasco Duty Free,Sasco Duty Free,10.815737576086,106.66198507016,37,poi-duty-free,,+84 28 3848 5634,http://tansonnhatairport.vn/,24 Hours,available,
420364712121,T2,Ga Quốc Tế T2,420321697575,420322445858,F1 - Gate,1,Sasco Duty Free,Sasco Duty Free,Sasco Duty Free,10.815802102255,106.66199110513,37,poi-duty-free,,+84 28 3848 5634,http://tansonnhatairport.vn/,24 Hours,available,
420364711010,T2,Ga Quốc Tế T2,420321697575,420322445858,F1 - Gate,1,Sasco Duty Free,Sasco Duty Free,Sasco Duty Free,10.816475129479,106.66263390944,37,poi-duty-free,,+84 28 3848 5634,http://tansonnhatairport.vn/,24 Hours,available,
420364711515,T2,Ga Quốc Tế T2,420321697575,420322445858,F1 - Gate,1,Sasco Duty Free,Sasco Duty Free,Sasco Duty Free,10.816706901361,106.66324828925,37,poi-duty-free,,+84 28 3848 5634,http://tansonnhatairport.vn/,24 Hours,available,
420364751717,T1,Ga Nội Địa T1,420321697272,420322446363,F1 - Departure,1,Seasonal Favorite,Seasonal Favorite,Seasonal Favorite,10.813512330227,106.66228747462,18,node-poi,1,+84 28 3848 5634,http://tansonnhatairport.vn/,24 Hours,available,https://mapper-images-singapore.s3-ap-southeast-1.amazonaws.com/seedpoi/logos/company15/23475510241735028758.png
420364755454,T1,Ga Nội Địa T1,420321697272,420322446363,F1 - Departure,1,Senviet Spa,Senviet Spa,Senviet Spa,10.813790977363,106.66231356561,18,node-poi,"10,20",+84 28 3848 5634,http://tansonnhatairport.vn/,24 Hours,available,https://mapper-images-singapore.s3-ap-southeast-1.amazonaws.com/seedpoi/logos/company15/18579291201735028757.png
420370091616,SGN_CAMPUS,Khuôn Viên Sân Bay (Tổng quan),420321697474,420322445353,F1,1,SGN - Ga Quốc Nội T1,SGN - Domestic Terminal T1,SGN - Ga Nội Địa / Domestic Terminal,10.813935538622,106.66212713812,26,poi-sub-venue,,+84 28 3848 5634,http://tansonnhatairport.vn/,24 Hours,available,
420372028585,SGN_CAMPUS,Khuôn Viên Sân Bay (Tổng quan),420321697474,420322445353,F1,1,SGN - Ga Quốc Nội T3,SGN - Domestic Terminal T3,SGN - Ga Nội Địa T3,10.811997409058,106.65385285839,26,poi-sub-venue,,+84 28 3848 5634,,,available,
420370091919,SGN_CAMPUS,Khuôn Viên Sân Bay (Tổng quan),420321697474,420322445353,F1,1,SGN - Ga Quốc Tế,SGN - International Terminal,SGN - Ga Quốc Tế / International Terminal,10.816522188491,106.66402530391,26,poi-sub-venue,,+84 28 3848 5634,http://tansonnhatairport.vn/,24 Hours,available,
420364778484,T2,Ga Quốc Tế T2,420321697575,420322445959,F2 - Departure,2,SJC,SJC,SJC,10.8166976591,106.66332047854,18,node-poi,12,+84 28 3848 5634,http://www.sjc.com.vn/,24 Hours,available,https://mapper-images-singapore.s3-ap-southeast-1.amazonaws.com/seedpoi/logos/company15/17286975341735028728.png
420364756767,T1,Ga Nội Địa T1,420321697272,420322446363,F1 - Departure,1,SJC Minh Khai,SJC Minh Khai,SJC Minh Khai,10.813930980751,106.66211232013,18,node-poi,12,+84 28 3848 5634,http://tansonnhatairport.vn/,24 Hours,available,https://mapper-images-singapore.s3-ap-southeast-1.amazonaws.com/seedpoi/logos/company15/18582618741735028757.png
420371724343,T3,Ga Nội Địa T3,420321772424,420322475151,F2 - Arrival,2,Sơ cấp cứu,First Aid,Sơ Cấp Cứu,10.812314489971,106.65448233404,6,poi-medical,,,,,available,
420371757474,T3,Ga Nội Địa T3,420321772424,420322474848,F3 - Departure,3,Sơ cấp cứu,First Aid,Sơ cấp cứu,10.811371579392,106.65205524261,6,poi-medical,,,,,available,
420371740505,T3,Ga Nội Địa T3,420321772424,420322474848,F3 - Departure,3,Soleil Cafe,Soleil Cafe,Soleil Cafe,10.811377882377,106.65183664625,18,node-poi,,,,,available,https://mapper-images-singapore.s3-ap-southeast-1.amazonaws.com/seedpoi/logos/company15/17491141153063052.png
420372012121,T3,Ga Nội Địa T3,420321772424,420322474848,F3 - Departure,3,Soleil Cafe,Soleil Cafe,Soleil Cafe,10.812867104466,106.65584548376,18,node-poi,,,,,available,https://mapper-images-singapore.s3-ap-southeast-1.amazonaws.com/seedpoi/logos/company15/17478903935895882.png
420364779393,T2,Ga Quốc Tế T2,420321697575,420322445959,F2 - Departure,2,Sóng Việt,Song Viet,Sóng Việt,10.816452683797,106.66281284408,18,node-poi,,+84 28 3848 5634,http://tansonnhatairport.vn/,24 Hours,available,https://mapper-images-singapore.s3-ap-southeast-1.amazonaws.com/seedpoi/logos/company15/17235813471735028728.png
420364780404,T2,Ga Quốc Tế T2,420321697575,420322445959,F2 - Departure,2,Sóng Việt,Song Viet,Sóng Việt,10.81711730588,106.66441213541,18,node-poi,,+84 28 3848 5634,http://tansonnhatairport.vn/,24 Hours,available,https://mapper-images-singapore.s3-ap-southeast-1.amazonaws.com/seedpoi/logos/company15/1728537691735028728.png
420364751313,T1,Ga Nội Địa T1,420321697272,420322446363,F1 - Departure,1,Sóng Việt,Song Viet,Sóng Việt,10.814142111742,106.66206924337,18,node-poi,1,+84 28 3848 5634,http://tansonnhatairport.vn/,24 Hours,available,https://mapper-images-singapore.s3-ap-southeast-1.amazonaws.com/seedpoi/logos/company15/23475133521735028758.png
420364791515,T2,Ga Quốc Tế T2,420321697575,420322445757,F3,3,Song Viet Confetti,Song Viet Confetti,Song Viet Confetti,10.815937416536,106.66415735859,18,node-poi,,+84 28 3848 5634,http://tansonnhatairport.vn/,24 Hours,available,https://mapper-images-singapore.s3-ap-southeast-1.amazonaws.com/seedpoi/logos/company15/18210595141735028731.png
420364791616,T1,Ga Nội Địa T1,420321697272,420322446262,F0 - Arrival|Checkin,0,Sora Cafe,Sora Cafe,Sora Cafe,10.813289748355,106.66242420673,18,node-poi,"8,18",+84 28 3848 5634,http://tansonnhatairport.vn/,24 Hours,available,https://mapper-images-singapore.s3-ap-southeast-1.amazonaws.com/seedpoi/logos/company15/18561528871735028755.png
420371693333,T1,Ga Nội Địa T1,420321697272,420322446262,F0 - Arrival|Checkin,0,Souvenir,Souvenir,Souvenir,10.815161256314,106.66224435805,18,node-poi,,+84 28 3848 5634,http://tansonnhatairport.vn/,24 Hours,available,https://mapper-images-singapore.s3-ap-southeast-1.amazonaws.com/seedpoi/logos/company15/17490909208878862.png
420371740404,T3,Ga Nội Địa T3,420321772424,420322474848,F3 - Departure,3,Souvenir shop,Souvenir shop,Souvenir shop,10.811321238474,106.65169381862,18,node-poi,,,,,available,https://mapper-images-singapore.s3-ap-southeast-1.amazonaws.com/seedpoi/logos/company15/17491140653163152.png
420364755353,T1,Ga Nội Địa T1,420321697272,420322446363,F1 - Departure,1,Star Cafe,Star Cafe,Star Cafe,10.814124251377,106.66225522757,18,node-poi,8,+84 28 3848 5634,http://tansonnhatairport.vn/,24 Hours,available,https://mapper-images-singapore.s3-ap-southeast-1.amazonaws.com/seedpoi/logos/company15/18579660771735028757.png
420364753838,T1,Ga Nội Địa T1,420321697272,420322446363,F1 - Departure,1,Star Cafe,Star Cafe,Star Cafe,10.813370406019,106.66196531468,18,node-poi,8,+84 28 3848 5634,http://tansonnhatairport.vn/,24 Hours,available,https://mapper-images-singapore.s3-ap-southeast-1.amazonaws.com/seedpoi/logos/company15/18583121141735028757.png
420364779898,T2,Ga Quốc Tế T2,420321697575,420322445959,F2 - Departure,2,Star Cafe,Star Cafe,Star Cafe,10.816454508249,106.66291875612,18,node-poi,8,+84 28 3848 5634,http://tansonnhatairport.vn/,24 Hours,available,https://mapper-images-singapore.s3-ap-southeast-1.amazonaws.com/seedpoi/logos/company15/17282618991735028728.png
420371999797,T3,Ga Nội Địa T3,420321772424,420322475151,F2 - Arrival,2,Star Cafe,Star Cafe,Star Cafe,10.811384975971,106.6533260333,18,node-poi,,,,,available,https://mapper-images-singapore.s3-ap-southeast-1.amazonaws.com/seedpoi/logos/company15/17478820059439422.png
420364799999,T2,Ga Quốc Tế T2,420321697575,420322445656,F0 - Arrival,0,Star Cafe,Star Cafe,Star Cafe,10.815774393664,106.66385701207,18,node-poi,8,+84 28 3848 5634,http://tansonnhatairport.vn/,24 Hours,available,https://mapper-images-singapore.s3-ap-southeast-1.amazonaws.com/seedpoi/logos/company15/1179515171735028730.png
420364795656,T2,Ga Quốc Tế T2,420321697575,420322445656,F0 - Arrival,0,Star Cafe,Star Cafe,Star Cafe,10.816077443232,106.66465325824,18,node-poi,8,+84 28 3848 5634,http://tansonnhatairport.vn/,24 Hours,available,https://mapper-images-singapore.s3-ap-southeast-1.amazonaws.com/seedpoi/logos/company15/17283696621735028730.png
420364789494,T1,Ga Nội Địa T1,420321697272,420322446262,F0 - Arrival|Checkin,0,Star Cafe,Star Cafe,Star Cafe,10.815010970236,106.66248221586,18,node-poi,8,+84 28 3848 5634,http://tansonnhatairport.vn/,24 Hours,available,https://mapper-images-singapore.s3-ap-southeast-1.amazonaws.com/seedpoi/logos/company15/18562483931735028755.png
420364751515,T1,Ga Nội Địa T1,420321697272,420322446363,F1 - Departure,1,Sun Glasses,Sun Glasses,Sun Glasses,10.814153534704,106.66195231623,18,node-poi,"1,24",+84 28 3848 5634,http://tansonnhatairport.vn/,24 Hours,available,https://mapper-images-singapore.s3-ap-southeast-1.amazonaws.com/seedpoi/logos/company15/23474963771735028757.png
420371693838,T1,Ga Nội Địa T1,420321697272,420322446262,F0 - Arrival|Checkin,0,SV Fashion,SV Fashion,SV Fashion,10.815165208164,106.66219729327,18,node-poi,,+84 28 3848 5634,http://tansonnhatairport.vn/,24 Hours,available,https://mapper-images-singapore.s3-ap-southeast-1.amazonaws.com/seedpoi/logos/company15/17490909435275262.png
420364778181,T2,Ga Quốc Tế T2,420321697575,420322445959,F2 - Departure,2,SV Leather,SV Leather,SV Leather,10.816696549168,106.66343844222,18,node-poi,,+84 28 3848 5634,http://tansonnhatairport.vn/,24 Hours,available,
420372012222,T3,Ga Nội Địa T3,420321772424,420322474848,F3 - Departure,3,Swarovski,Swarovski,Swarovski,10.812815868056,106.6556789647,18,node-poi,,,,,available,https://mapper-images-singapore.s3-ap-southeast-1.amazonaws.com/seedpoi/logos/company15/17478903834134122.png
420364753636,T1,Ga Nội Địa T1,420321697272,420322446363,F1 - Departure,1,Taste of Asia,Taste of Asia,Taste of Asia,10.81328261014,106.66199431654,18,node-poi,"8,18",+84 28 3848 5634,http://tasteofasia.biz/,24 Hours,available,https://mapper-images-singapore.s3-ap-southeast-1.amazonaws.com/seedpoi/logos/company15/18583317461735028757.png
420364749090,T1,Ga Nội Địa T1,420321697272,420322446363,F1 - Departure,1,Taste of Vietnam,Taste of Vietnam,Taste of Vietnam,10.813440537886,106.6622807691,18,node-poi,"3,8",+84 28 3848 5634,http://tansonnhatairport.vn/,24 Hours,available,https://mapper-images-singapore.s3-ap-southeast-1.amazonaws.com/seedpoi/logos/company15/23475697211735028758.png
420364749191,T1,Ga Nội Địa T1,420321697272,420322446363,F1 - Departure,1,Taste of Vietnam,Taste of Vietnam,Taste of Vietnam,10.813365917984,106.66227396108,18,node-poi,8,+84 28 3848 5634,http://tansonnhatairport.vn/,24 Hours,available,https://mapper-images-singapore.s3-ap-southeast-1.amazonaws.com/seedpoi/logos/company15/23475775411735028758.png
420364786262,T2,Ga Quốc Tế T2,420321697575,420322445858,F1 - Gate,1,Thang Bộ,Staircase,Thang Bộ,10.817342077229,106.66477095244,17,poi-staircase,,+84 28 3848 5634,http://tansonnhatairport.vn/,24 Hours,available,
420364760404,T1,Ga Nội Địa T1,420321697272,420322446262,F0 - Arrival|Checkin,0,Thang Bộ,Staircase,Thang Bộ,10.813815361099,106.66176168258,17,poi-staircase,,+84 28 3848 5634,http://tansonnhatairport.vn/,24 Hours,available,
420371723636,T3,Ga Nội Địa T3,420321772424,420322475151,F2 - Arrival,2,Thang bộ,Staircase,Thang bộ,10.813019392469,106.65617681943,17,poi-staircase,,,,,available,
420371724242,T3,Ga Nội Địa T3,420321772424,420322475151,F2 - Arrival,2,Thang bộ,Staircase,Thang bộ,10.812365581574,106.65445859652,17,poi-staircase,,,,,available,
420371724646,T3,Ga Nội Địa T3,420321772424,420322475151,F2 - Arrival,2,Thang bộ,Staircase,Thang bộ,10.811835984829,106.65314232629,17,poi-staircase,,,,,available,
420371977676,T3,Ga Nội Địa T3,420321772424,420322472222,F4,4,Thang bộ,Stairs,Thang bộ,10.811195318638,106.65147748731,17,poi-staircase,,,,,available,
420371721616,T3,Ga Nội Địa T3,420321772424,420322475151,F2 - Arrival,2,Thang bộ,Staircase,Thang bộ,10.811704474205,106.65256305808,17,poi-staircase,,,,,available,
420364759090,T1,Ga Nội Địa T1,420321697272,420322446262,F0 - Arrival|Checkin,0,Thang Bộ,Staircase,Thang Bộ,10.813992939175,106.66177786981,17,poi-staircase,,+84 28 3848 5634,http://tansonnhatairport.vn/,24 Hours,available,
420371978282,T3,Ga Nội Địa T3,420321772424,420322472222,F4,4,Thang bộ,Stairs,Thang bộ,10.811465320086,106.65211285562,17,poi-staircase,,,,,available,
420364758888,T1,Ga Nội Địa T1,420321697272,420322446262,F0 - Arrival|Checkin,0,Thang Bộ,Staircase,Thang Bộ,10.812899059717,106.66207927848,17,poi-staircase,,+84 28 3848 5634,http://tansonnhatairport.vn/,24 Hours,available,
420371723131,T3,Ga Nội Địa T3,420321772424,420322475151,F2 - Arrival,2,Thang bộ,Staircase,Thang bộ,10.811248354259,106.65142993926,17,poi-staircase,,,,,available,
420371978888,T3,Ga Nội Địa T3,420321772424,420322472222,F4,4,Thang bộ,Stairs,Thang bộ,10.812950068331,106.65609232472,17,poi-staircase,,,,,available,
420371976262,T3,Ga Nội Địa T3,420321772424,420322472222,F4,4,Thang bộ,Stairs,Thang bộ,10.812562627511,106.65511964283,17,poi-staircase,,,,,available,
420371720303,T3,Ga Nội Địa T3,420321772424,420322475151,F2 - Arrival,2,Thang bộ,Staircase,Thang bộ,10.811412330184,106.65214760628,17,poi-staircase,,,,,available,
420371976060,T3,Ga Nội Địa T3,420321772424,420322472222,F4,4,Thang bộ,Stairs,Thang bộ,10.812334183195,106.65451938774,17,poi-staircase,,,,,available,
420371976767,T3,Ga Nội Địa T3,420321772424,420322472222,F4,4,Thang bộ,Stairs,Thang bộ,10.812438157382,106.65410947577,17,poi-staircase,,,,,available,
420371976565,T3,Ga Nội Địa T3,420321772424,420322472222,F4,4,Thang bộ,Stairs,Thang bộ,10.811841597054,106.65318943271,17,poi-staircase,,,,,available,
420364781111,T2,Ga Quốc Tế T2,420321697575,420322445959,F2 - Departure,2,Thang Bộ,Staircase,Thang Bộ,10.816188040631,106.66196615856,17,poi-staircase,,+84 28 3848 5634,http://tansonnhatairport.vn/,24 Hours,available,
420364781212,T2,Ga Quốc Tế T2,420321697575,420322445959,F2 - Departure,2,Thang Bộ,Staircase,Thang Bộ,10.816719942584,106.66311865,17,poi-staircase,,+84 28 3848 5634,http://tansonnhatairport.vn/,24 Hours,available,
420364782323,T2,Ga Quốc Tế T2,420321697575,420322445959,F2 - Departure,2,Thang Bộ,Staircase,Thang Bộ,10.817342523586,106.66475846114,17,poi-staircase,,+84 28 3848 5634,http://tansonnhatairport.vn/,24 Hours,available,
420364777777,T2,Ga Quốc Tế T2,420321697575,420322445959,F2 - Departure,2,Thang Bộ,Staircase,Thang Bộ,10.817404184689,106.66510175316,17,poi-staircase,,+84 28 3848 5634,http://tansonnhatairport.vn/,24 Hours,available,
420364752929,T1,Ga Nội Địa T1,420321697272,420322446363,F1 - Departure,1,Thang Bộ,Staircase,Thang Bộ,10.813796373241,106.66175927087,17,poi-staircase,,+84 28 3848 5634,http://tansonnhatairport.vn/,24 Hours,available,
420364753434,T1,Ga Nội Địa T1,420321697272,420322446363,F1 - Departure,1,Thang Bộ,Staircase,Thang Bộ,10.813990160618,106.66177658259,17,poi-staircase,,+84 28 3848 5634,http://tansonnhatairport.vn/,24 Hours,available,
420364753535,T1,Ga Nội Địa T1,420321697272,420322446363,F1 - Departure,1,Thang Bộ,Staircase,Thang Bộ,10.812887799554,106.66207941979,17,poi-staircase,,+84 28 3848 5634,http://tansonnhatairport.vn/,24 Hours,available,
420364777474,T2,Ga Quốc Tế T2,420321697575,420322445959,F2 - Departure,2,Thang Bộ,Staircase,Thang Bộ,10.816172825037,106.66468131823,17,poi-staircase,,+84 28 3848 5634,http://tansonnhatairport.vn/,24 Hours,available,
420371738181,T3,Ga Nội Địa T3,420321772424,420322474848,F3 - Departure,3,Thang bộ,Staircase,Thang bộ,10.812378216401,106.65444915653,17,poi-staircase,,,,,available,
420364775252,T2,Ga Quốc Tế T2,420321697575,420322445959,F2 - Departure,2,Thang Bộ,Staircase,Thang Bộ,10.815840784528,106.66380803185,17,poi-staircase,,+84 28 3848 5634,http://tansonnhatairport.vn/,24 Hours,available,
420364798484,T2,Ga Quốc Tế T2,420321697575,420322445656,F0 - Arrival,0,Thang Bộ,Staircase,Thang Bộ,10.815822936599,106.66374509981,17,poi-staircase,,+84 28 3848 5634,http://tansonnhatairport.vn/,24 Hours,available,
420364799191,T2,Ga Quốc Tế T2,420321697575,420322445656,F0 - Arrival,0,Thang Bộ,Staircase,Thang Bộ,10.816189788932,106.66470808762,17,poi-staircase,,+84 28 3848 5634,http://tansonnhatairport.vn/,24 Hours,available,
420371760303,T3,Ga Nội Địa T3,420321772424,420322474848,F3 - Departure,3,Thang bộ,Staircase,Thang bộ,10.811262439689,106.65143683291,17,poi-staircase,,,,,available,
420371991818,T3,Ga Nội Địa T3,420321772424,420322474848,F3 - Departure,3,Thang bộ,Staircase,Thang bộ,10.811497060851,106.65215229095,17,poi-staircase,,,,,available,
420371991717,T3,Ga Nội Địa T3,420321772424,420322474848,F3 - Departure,3,Thang bộ,Staircase,Thang bộ,10.812441048093,106.65409409346,17,poi-staircase,,,,,available,
420371989191,T3,Ga Nội Địa T3,420321772424,420322474848,F3 - Departure,3,Thang bộ,Staircase,Thang bộ,10.812620109879,106.65511594801,17,poi-staircase,,,,,available,
420371759898,T3,Ga Nội Địa T3,420321772424,420322474848,F3 - Departure,3,Thang bộ,Staircase,Thang bộ,10.812988280509,106.65608186737,17,poi-staircase,,,,,available,
420371756969,T3,Ga Nội Địa T3,420321772424,420322474848,F3 - Departure,3,Thang bộ,Staircase,Thang bộ,10.811420377537,106.65218365604,17,poi-staircase,,,,,available,
420371757272,T3,Ga Nội Địa T3,420321772424,420322474848,F3 - Departure,3,Thang bộ,Staircase,Thang bộ,10.811694230104,106.65253748107,17,poi-staircase,,,,,available,
420371987777,T3,Ga Nội Địa T3,420321772424,420322474848,F3 - Departure,3,Thang bộ,Staircase,Thang bộ,10.811910171869,106.6531040369,17,poi-staircase,,,,,available,
420364790909,T2,Ga Quốc Tế T2,420321697575,420322445757,F3,3,Thang Bộ,Staircase,Thang Bộ,10.816158203245,106.66462201638,17,poi-staircase,,+84 28 3848 5634,http://tansonnhatairport.vn/,24 Hours,available,
420364712424,T2,Ga Quốc Tế T2,420321697575,420322445858,F1 - Gate,1,Thang Bộ,Staircase,Thang Bộ,10.815829909746,106.66375181791,17,poi-staircase,,+84 28 3848 5634,http://tansonnhatairport.vn/,24 Hours,available,
420364712525,T2,Ga Quốc Tế T2,420321697575,420322445858,F1 - Gate,1,Thang Bộ,Staircase,Thang Bộ,10.816182584296,106.66467685164,17,poi-staircase,,+84 28 3848 5634,http://tansonnhatairport.vn/,24 Hours,available,
420364713232,T2,Ga Quốc Tế T2,420321697575,420322445858,F1 - Gate,1,Thang Bộ,Staircase,Thang Bộ,10.816721374787,106.66312447402,17,poi-staircase,,+84 28 3848 5634,http://tansonnhatairport.vn/,24 Hours,available,
420371751313,T3,Ga Nội Địa T3,420321772424,420322475151,F2 - Arrival,2,Thang bộ,Staircase,Thang bộ,10.812591052247,106.65505476974,17,poi-staircase,,,,,available,
420364785656,T2,Ga Quốc Tế T2,420321697575,420322445858,F1 - Gate,1,Thang Cuốn,Escalator,Thang Cuốn,10.817134543096,106.66437000022,11,poi-escalator,,+84 28 3848 5634,http://tansonnhatairport.vn/,24 Hours,available,
420364760505,T1,Ga Nội Địa T1,420321697272,420322446262,F0 - Arrival|Checkin,0,Thang Cuốn,Escalator,Thang Cuốn,10.814688190081,106.66223704665,11,poi-escalator,,+84 28 3848 5634,http://tansonnhatairport.vn/,24 Hours,available,
420364787070,T2,Ga Quốc Tế T2,420321697575,420322445858,F1 - Gate,1,Thang Cuốn,Escalator,Thang Cuốn,10.817430419586,106.66514610724,11,poi-escalator,,+84 28 3848 5634,http://tansonnhatairport.vn/,24 Hours,available,
420371721717,T3,Ga Nội Địa T3,420321772424,420322475151,F2 - Arrival,2,Thang cuốn,Escalator,Thang cuốn,10.811761997343,106.65259855706,11,poi-escalator,,,,,available,
420364759191,T1,Ga Nội Địa T1,420321697272,420322446262,F0 - Arrival|Checkin,0,Thang Cuốn,Escalator,Thang Cuốn,10.813056587869,106.66175916911,11,poi-escalator,,+84 28 3848 5634,http://tansonnhatairport.vn/,24 Hours,available,
420364785050,T2,Ga Quốc Tế T2,420321697575,420322445858,F1 - Gate,1,Thang Cuốn,Escalator,Thang Cuốn,10.817238351247,106.66464338715,11,poi-escalator,,+84 28 3848 5634,http://tansonnhatairport.vn/,24 Hours,available,
420372055353,T3,Ga Nội Địa T3,420321772424,420322472222,F4,4,Thang cuốn,Escalator,Thang cuốn,10.812427468642,106.65423173487,11,poi-escalator,,,,,available,
420364785555,T2,Ga Quốc Tế T2,420321697575,420322445858,F1 - Gate,1,Thang Cuốn,Escalator,Thang Cuốn,10.817770239767,106.6658470468,11,poi-escalator,,+84 28 3848 5634,http://tansonnhatairport.vn/,24 Hours,available,
420364785252,T2,Ga Quốc Tế T2,420321697575,420322445858,F1 - Gate,1,Thang Cuốn,Escalator,Thang Cuốn,10.818023208622,106.66651326255,11,poi-escalator,,+84 28 3848 5634,http://tansonnhatairport.vn/,24 Hours,available,
420371722929,T3,Ga Nội Địa T3,420321772424,420322475151,F2 - Arrival,2,Thang cuốn,Escalator,Thang cuốn,10.811479650834,106.65192594847,11,poi-escalator,,,,,available,
420364783434,T2,Ga Quốc Tế T2,420321697575,420322445959,F2 - Departure,2,Thang Cuốn,Escalator,Thang Cuốn,10.815825049202,106.66376581849,11,poi-escalator,,+84 28 3848 5634,http://tansonnhatairport.vn/,24 Hours,available,
420364783333,T2,Ga Quốc Tế T2,420321697575,420322445959,F2 - Departure,2,Thang Cuốn,Escalator,Thang Cuốn,10.816160382926,106.66464546463,11,poi-escalator,,+84 28 3848 5634,http://tansonnhatairport.vn/,24 Hours,available,
420364783737,T2,Ga Quốc Tế T2,420321697575,420322445959,F2 - Departure,2,Thang Cuốn,Escalator,Thang Cuốn,10.815943044592,106.66200996389,11,poi-escalator,,+84 28 3848 5634,http://tansonnhatairport.vn/,24 Hours,available,
420364781414,T2,Ga Quốc Tế T2,420321697575,420322445959,F2 - Departure,2,Thang Cuốn,Escalator,Thang Cuốn,10.816443010546,106.66256846773,11,poi-escalator,,+84 28 3848 5634,http://tansonnhatairport.vn/,24 Hours,available,
420364781313,T2,Ga Quốc Tế T2,420321697575,420322445959,F2 - Departure,2,Thang Cuốn,Escalator,Thang Cuốn,10.816743005018,106.66335058136,11,poi-escalator,,+84 28 3848 5634,http://tansonnhatairport.vn/,24 Hours,available,
420364781818,T2,Ga Quốc Tế T2,420321697575,420322445959,F2 - Departure,2,Thang Cuốn,Escalator,Thang Cuốn,10.816932016034,106.66385697546,11,poi-escalator,,+84 28 3848 5634,http://tansonnhatairport.vn/,24 Hours,available,
420364781717,T2,Ga Quốc Tế T2,420321697575,420322445959,F2 - Departure,2,Thang Cuốn,Escalator,Thang Cuốn,10.817135774879,106.66438185335,11,poi-escalator,,+84 28 3848 5634,http://tansonnhatairport.vn/,24 Hours,available,
420364782121,T2,Ga Quốc Tế T2,420321697575,420322445959,F2 - Departure,2,Thang Cuốn,Escalator,Thang Cuốn,10.817425512903,106.66515392396,11,poi-escalator,,+84 28 3848 5634,http://tansonnhatairport.vn/,24 Hours,available,
420364754343,T1,Ga Nội Địa T1,420321697272,420322446363,F1 - Departure,1,Thang Cuốn,Escalator,Thang Cuốn,10.813017898438,106.66174875448,11,poi-escalator,,+84 28 3848 5634,http://tansonnhatairport.vn/,24 Hours,available,
420364754040,T1,Ga Nội Địa T1,420321697272,420322446363,F1 - Departure,1,Thang Cuốn,Escalator,Thang Cuốn,10.814690670193,106.66223514141,11,poi-escalator,,+84 28 3848 5634,http://tansonnhatairport.vn/,24 Hours,available,
420371999595,T3,Ga Nội Địa T3,420321772424,420322475050,F1,1,Thang cuốn,Escalator,Thang cuốn,10.811060707481,106.65283854508,11,poi-escalator,,,,,available,
420371999292,T3,Ga Nội Địa T3,420321772424,420322475050,F1,1,Thang cuốn,Escalator,Thang cuốn,10.811330969192,106.65356767017,11,poi-escalator,,,,,available,
420371999393,T3,Ga Nội Địa T3,420321772424,420322475050,F1,1,Thang cuốn,Escalator,Thang cuốn,10.811507536765,106.65401259833,11,poi-escalator,,,,,available,
420371715454,T3,Ga Nội Địa T3,420321772424,420322475151,F2 - Arrival,2,Thang cuốn,Escalator,Thang cuốn,10.811823788114,106.65455606168,11,poi-escalator,,,,,available,
420371715252,T3,Ga Nội Địa T3,420321772424,420322475050,F1,1,Thang cuốn,Escalator,Thang cuốn,10.81168901114,106.65454132887,11,poi-escalator,,,,,available,
420371715656,T3,Ga Nội Địa T3,420321772424,420322475151,F2 - Arrival,2,Thang cuốn,Escalator,Thang cuốn,10.811658368521,106.65202569228,11,poi-escalator,,,,,available,
420371993737,T3,Ga Nội Địa T3,420321772424,420322475151,F2 - Arrival,2,Thang cuốn,Escalator,Thang cuốn,10.81117763164,106.65283840688,11,poi-escalator,,,,,available,
420371994343,T3,Ga Nội Địa T3,420321772424,420322475151,F2 - Arrival,2,Thang cuốn,Escalator,Thang cuốn,10.811594654457,106.65393860236,11,poi-escalator,,,,,available,
420364775757,T2,Ga Quốc Tế T2,420321697575,420322445959,F2 - Departure,2,Thang Cuốn,Escalator,Thang Cuốn,10.816600880857,106.66298634292,11,poi-escalator,,+84 28 3848 5634,http://tansonnhatairport.vn/,24 Hours,available,
420364798989,T2,Ga Quốc Tế T2,420321697575,420322445656,F0 - Arrival,0,Thang Cuốn,Escalator,Thang Cuốn,10.816173590975,106.66466325543,11,poi-escalator,,+84 28 3848 5634,http://tansonnhatairport.vn/,24 Hours,available,
420364799595,T2,Ga Quốc Tế T2,420321697575,420322445656,F0 - Arrival,0,Thang Cuốn,Escalator,Thang Cuốn,10.815834828022,106.66378049546,11,poi-escalator,,+84 28 3848 5634,http://tansonnhatairport.vn/,24 Hours,available,
420371760101,T3,Ga Nội Địa T3,420321772424,420322474848,F3 - Departure,3,Thang cuốn,Escalator,Thang cuốn,10.811178250842,106.65283601615,11,poi-escalator,,,,,available,
420371760404,T3,Ga Nội Địa T3,420321772424,420322474848,F3 - Departure,3,Thang cuốn,Escalator,Thang cuốn,10.811830448528,106.6545706707,11,poi-escalator,,,,,available,
420364796363,T2,Ga Quốc Tế T2,420321697575,420322445656,F0 - Arrival,0,Thang Cuốn,Escalator,Thang Cuốn,10.816384189594,106.66382822903,11,poi-escalator,,+84 28 3848 5634,http://tansonnhatairport.vn/,24 Hours,available,
420364796161,T2,Ga Quốc Tế T2,420321697575,420322445656,F0 - Arrival,0,Thang Cuốn,Escalator,Thang Cuốn,10.816529479253,106.66426392935,11,poi-escalator,,+84 28 3848 5634,http://tansonnhatairport.vn/,24 Hours,available,
420371757070,T3,Ga Nội Địa T3,420321772424,420322474848,F3 - Departure,3,Thang cuốn,Escalator,Thang cuốn,10.812392078173,106.65411045157,11,poi-escalator,,,,,available,
420364793636,T2,Ga Quốc Tế T2,420321697575,420322445656,F0 - Arrival,0,Thang Cuốn,Escalator,Thang Cuốn,10.816596720346,106.66298067925,11,poi-escalator,,+84 28 3848 5634,http://tansonnhatairport.vn/,24 Hours,available,
420364794747,T2,Ga Quốc Tế T2,420321697575,420322445656,F0 - Arrival,0,Thang Cuốn,Escalator,Thang Cuốn,10.817256461438,106.66468742424,11,poi-escalator,,+84 28 3848 5634,http://tansonnhatairport.vn/,24 Hours,available,
420364792626,T2,Ga Quốc Tế T2,420321697575,420322445656,F0 - Arrival,0,Thang Cuốn,Escalator,Thang Cuốn,10.817757266566,106.66586894674,11,poi-escalator,,+84 28 3848 5634,http://tansonnhatairport.vn/,24 Hours,available,
420364793030,T2,Ga Quốc Tế T2,420321697575,420322445757,F3,3,Thang Cuốn,Escalator,Thang Cuốn,10.816936959091,106.66384310449,11,poi-escalator,,+84 28 3848 5634,http://tansonnhatairport.vn/,24 Hours,available,
420364790606,T2,Ga Quốc Tế T2,420321697575,420322445757,F3,3,Thang Cuốn,Escalator,Thang Cuốn,10.816172015755,106.66466184847,11,poi-escalator,,+84 28 3848 5634,http://tansonnhatairport.vn/,24 Hours,available,
420364790404,T2,Ga Quốc Tế T2,420321697575,420322445757,F3,3,Thang Cuốn,Escalator,Thang Cuốn,10.815834808979,106.66377598538,11,poi-escalator,,+84 28 3848 5634,http://tansonnhatairport.vn/,24 Hours,available,
420364714343,T2,Ga Quốc Tế T2,420321697575,420322445858,F1 - Gate,1,Thang Cuốn,Escalator,Thang Cuốn,10.815843473617,106.66378748291,11,poi-escalator,,+84 28 3848 5634,http://tansonnhatairport.vn/,24 Hours,available,
420371984545,T3,Ga Nội Địa T3,420321772424,420322474848,F3 - Departure,3,Thang cuốn,Escalator,Thang cuốn,10.811673135916,106.65204935954,11,poi-escalator,,,,,available,
420364714646,T2,Ga Quốc Tế T2,420321697575,420322445858,F1 - Gate,1,Thang Cuốn,Escalator,Thang Cuốn,10.81616620064,106.66463632514,11,poi-escalator,,+84 28 3848 5634,http://tansonnhatairport.vn/,24 Hours,available,
420371984848,T3,Ga Nội Địa T3,420321772424,420322474848,F3 - Departure,3,Thang cuốn,Escalator,Thang cuốn,10.8128032467,106.65509685405,11,poi-escalator,,,,,available,
420364714545,T2,Ga Quốc Tế T2,420321697575,420322445858,F1 - Gate,1,Thang Cuốn,Escalator,Thang Cuốn,10.816383475532,106.66382140182,11,poi-escalator,,+84 28 3848 5634,http://tansonnhatairport.vn/,24 Hours,available,
420364715050,T2,Ga Quốc Tế T2,420321697575,420322445858,F1 - Gate,1,Thang Cuốn,Escalator,Thang Cuốn,10.816554882313,106.66425087297,11,poi-escalator,,+84 28 3848 5634,http://tansonnhatairport.vn/,24 Hours,available,
420372008080,T3,Ga Nội Địa T3,420321772424,420322474848,F3 - Departure,3,Thang cuốn,Escalator,Thang cuốn,10.811039168118,106.65246088147,11,poi-escalator,,,,,available,
420364712626,T2,Ga Quốc Tế T2,420321697575,420322445858,F1 - Gate,1,Thang Cuốn,Escalator,Thang Cuốn,10.815932076767,106.66200436565,11,poi-escalator,,+84 28 3848 5634,http://tansonnhatairport.vn/,24 Hours,available,
420372008686,T3,Ga Nội Địa T3,420321772424,420322474848,F3 - Departure,3,Thang cuốn,Escalator,Thang cuốn,10.811431576981,106.65348450484,11,poi-escalator,,,,,available,
420372008484,T3,Ga Nội Địa T3,420321772424,420322474848,F3 - Departure,3,Thang cuốn,Escalator,Thang cuốn,10.811601247005,106.65393343721,11,poi-escalator,,,,,available,
420364712929,T2,Ga Quốc Tế T2,420321697575,420322445858,F1 - Gate,1,Thang Cuốn,Escalator,Thang Cuốn,10.816444574813,106.66255646066,11,poi-escalator,,+84 28 3848 5634,http://tansonnhatairport.vn/,24 Hours,available,
420371750404,T3,Ga Nội Địa T3,420321772424,420322475151,F2 - Arrival,2,Thang cuốn,Escalator,Thang cuốn,10.811430074371,106.65349251747,11,poi-escalator,,,,,available,
420364710909,T2,Ga Quốc Tế T2,420321697575,420322445858,F1 - Gate,1,Thang Cuốn,Escalator,Thang Cuốn,10.816602895082,106.66296726821,11,poi-escalator,,+84 28 3848 5634,http://tansonnhatairport.vn/,24 Hours,available,
420371751515,T3,Ga Nội Địa T3,420321772424,420322475151,F2 - Arrival,2,Thang cuốn,Escalator,Thang cuốn,10.812519575129,106.65486340094,11,poi-escalator,,,,,available,
420364711818,T2,Ga Quốc Tế T2,420321697575,420322445858,F1 - Gate,1,Thang Cuốn,Escalator,Thang Cuốn,10.816747821897,106.6633442024,11,poi-escalator,,+84 28 3848 5634,http://tansonnhatairport.vn/,24 Hours,available,
420364711717,T2,Ga Quốc Tế T2,420321697575,420322445858,F1 - Gate,1,Thang Cuốn,Escalator,Thang Cuốn,10.816945135764,106.66386816867,11,poi-escalator,,+84 28 3848 5634,http://tansonnhatairport.vn/,24 Hours,available,
420371751717,T3,Ga Nội Địa T3,420321772424,420322475151,F2 - Arrival,2,Thang cuốn,Escalator,Thang cuốn,10.812841615967,106.65519076438,11,poi-escalator,,,,,available,
420364760000,T1,Ga Nội Địa T1,420321697272,420322446262,F0 - Arrival|Checkin,0,Thang Máy,Elevator,Thang Máy,10.813005874688,106.66180120483,9,poi-elevator,,+84 28 3848 5634,http://tansonnhatairport.vn/,24 Hours,available,
420364785757,T2,Ga Quốc Tế T2,420321697575,420322445858,F1 - Gate,1,Thang Máy,Elevator,Thang Máy,10.817296874638,106.66478318856,9,poi-elevator,,+84 28 3848 5634,http://tansonnhatairport.vn/,24 Hours,available,
420364760101,T1,Ga Nội Địa T1,420321697272,420322446262,F0 - Arrival|Checkin,0,Thang Máy,Elevator,Thang Máy,10.812880514867,106.66210776421,9,poi-elevator,,+84 28 3848 5634,http://tansonnhatairport.vn/,24 Hours,available,
420371723939,T3,Ga Nội Địa T3,420321772424,420322475151,F2 - Arrival,2,Thang máy,Elevator,Thang máy,10.813085550274,106.65609396588,9,poi-elevator,,,,,available,
420371723737,T3,Ga Nội Địa T3,420321772424,420322475151,F2 - Arrival,2,Thang máy,Elevator,Thang máy,10.812441996193,106.6545276128,9,poi-elevator,,,,,available,
420371724141,T3,Ga Nội Địa T3,420321772424,420322475151,F2 - Arrival,2,Thang máy,Elevator,Thang máy,10.811859482122,106.65320265921,9,poi-elevator,,,,,available,
420371724747,T3,Ga Nội Địa T3,420321772424,420322475151,F2 - Arrival,2,Thang máy,Elevator,Thang máy,10.81181871831,106.65308584344,9,poi-elevator,,,,,available,
420371721919,T3,Ga Nội Địa T3,420321772424,420322475151,F2 - Arrival,2,Thang máy,Elevator,Thang máy,10.811675493596,106.6526287722,9,poi-elevator,,,,,available,
420371722222,T3,Ga Nội Địa T3,420321772424,420322475151,F2 - Arrival,2,Thang máy,Elevator,Thang máy,10.811818641162,106.65257657977,9,poi-elevator,,,,,available,
420371978383,T3,Ga Nội Địa T3,420321772424,420322472222,F4,4,Thang máy,Elevator,Thang máy,10.811494004274,106.65219660761,9,poi-elevator,,,,,available,
420364784545,T2,Ga Quốc Tế T2,420321697575,420322445858,F1 - Gate,1,Thang Máy,Elevator,Thang Máy,10.817189024522,106.66452673101,9,poi-elevator,,+84 28 3848 5634,http://tansonnhatairport.vn/,24 Hours,available,
420371722121,T3,Ga Nội Địa T3,420321772424,420322475151,F2 - Arrival,2,Thang máy,Elevator,Thang máy,10.811577728609,106.65218086327,9,poi-elevator,,,,,available,
420371722828,T3,Ga Nội Địa T3,420321772424,420322475151,F2 - Arrival,2,Thang máy,Elevator,Thang máy,10.811354380488,106.65139336064,9,poi-elevator,,,,,available,
420371978989,T3,Ga Nội Địa T3,420321772424,420322472222,F4,4,Thang máy,Elevator,Thang máy,10.812622037495,106.65529215079,9,poi-elevator,,,,,available,
420364782626,T2,Ga Quốc Tế T2,420321697575,420322445858,F1 - Gate,1,Thang Máy,Elevator,Thang Máy,10.816618095223,106.6629252644,9,poi-elevator,,+84 28 3848 5634,http://tansonnhatairport.vn/,24 Hours,available,
420371976363,T3,Ga Nội Địa T3,420321772424,420322472222,F4,4,Thang máy,Elevator,Thang máy,10.812397705233,106.65474275657,9,poi-elevator,,,,,available,
420364782828,T2,Ga Quốc Tế T2,420321697575,420322445858,F1 - Gate,1,Thang Máy,Elevator,Thang Máy,10.817375140806,106.66498492569,9,poi-elevator,,+84 28 3848 5634,http://tansonnhatairport.vn/,24 Hours,available,
420364782929,T2,Ga Quốc Tế T2,420321697575,420322445858,F1 - Gate,1,Thang Máy,Elevator,Thang Máy,10.816958647177,106.66381293378,9,poi-elevator,,+84 28 3848 5634,http://tansonnhatairport.vn/,24 Hours,available,
420371977070,T3,Ga Nội Địa T3,420321772424,420322472222,F4,4,Thang máy,Elevator,Thang máy,10.811816934883,106.65311188759,9,poi-elevator,,,,,available,
420364783535,T2,Ga Quốc Tế T2,420321697575,420322445959,F2 - Departure,2,Thang Máy,Elevator,Thang Máy,10.815795583143,106.66367862906,9,poi-elevator,,+84 28 3848 5634,http://tansonnhatairport.vn/,24 Hours,available,
420364783838,T2,Ga Quốc Tế T2,420321697575,420322445959,F2 - Departure,2,Thang Máy,Elevator,Thang Máy,10.816209114953,106.66476580451,9,poi-elevator,,+84 28 3848 5634,http://tansonnhatairport.vn/,24 Hours,available,
420364781010,T2,Ga Quốc Tế T2,420321697575,420322445959,F2 - Departure,2,Thang Máy,Elevator,Thang Máy,10.81604817433,106.66202057081,9,poi-elevator,,+84 28 3848 5634,http://tansonnhatairport.vn/,24 Hours,available,
420364781515,T2,Ga Quốc Tế T2,420321697575,420322445959,F2 - Departure,2,Thang Máy,Elevator,Thang Máy,10.816506329327,106.6627234733,9,poi-elevator,,+84 28 3848 5634,http://tansonnhatairport.vn/,24 Hours,available,
420364781919,T2,Ga Quốc Tế T2,420321697575,420322445959,F2 - Departure,2,Thang Máy,Elevator,Thang Máy,10.816949189551,106.66381775337,9,poi-elevator,,+84 28 3848 5634,http://tansonnhatairport.vn/,24 Hours,available,
420364782020,T2,Ga Quốc Tế T2,420321697575,420322445959,F2 - Departure,2,Thang Máy,Elevator,Thang Máy,10.817365644065,106.66498960554,9,poi-elevator,,+84 28 3848 5634,http://tansonnhatairport.vn/,24 Hours,available,
420364753737,T1,Ga Nội Địa T1,420321697272,420322446363,F1 - Departure,1,Thang Máy,Elevator,Thang Máy,10.812880152918,106.66210716649,9,poi-elevator,,+84 28 3848 5634,http://tansonnhatairport.vn/,24 Hours,available,
420371998585,T3,Ga Nội Địa T3,420321772424,420322475050,F1,1,Thang máy,Elevator,Thang máy,10.811032771616,106.65277056972,9,poi-elevator,,,,,available,
420364754242,T1,Ga Nội Địa T1,420321697272,420322446363,F1 - Departure,1,Thang Máy,Elevator,Thang Máy,10.813006067507,106.66180164429,9,poi-elevator,,+84 28 3848 5634,http://tansonnhatairport.vn/,24 Hours,available,
420364779797,T2,Ga Quốc Tế T2,420321697575,420322445959,F2 - Departure,2,Thang Máy,Elevator,Thang Máy,10.816670868889,106.66314731661,9,poi-elevator,,+84 28 3848 5634,http://tansonnhatairport.vn/,24 Hours,available,
420364780202,T2,Ga Quốc Tế T2,420321697575,420322445959,F2 - Departure,2,Thang Máy,Elevator,Thang Máy,10.816680173586,106.66318049073,9,poi-elevator,,+84 28 3848 5634,http://tansonnhatairport.vn/,24 Hours,available,
420371999999,T3,Ga Nội Địa T3,420321772424,420322475050,F1,1,Thang máy,Elevator,Thang máy,10.811428004806,106.65380767757,9,poi-elevator,,,,,available,
420364777979,T2,Ga Quốc Tế T2,420321697575,420322445959,F2 - Departure,2,Thang Máy,Elevator,Thang Máy,10.817289839761,106.6647883668,9,poi-elevator,,+84 28 3848 5634,http://tansonnhatairport.vn/,24 Hours,available,
420371715555,T3,Ga Nội Địa T3,420321772424,420322475151,F2 - Arrival,2,Thang máy,Elevator,Thang máy,10.811761875103,106.65457834084,9,poi-elevator,,,,,available,
420371715353,T3,Ga Nội Địa T3,420321772424,420322475050,F1,1,Thang máy,Elevator,Thang máy,10.811721320009,106.65461226713,9,poi-elevator,,,,,available,
420364776262,T2,Ga Quốc Tế T2,420321697575,420322445959,F2 - Departure,2,Thang Máy,Elevator,Thang Máy,10.816190178047,106.66204278809,9,poi-elevator,,+84 28 3848 5634,http://tansonnhatairport.vn/,24 Hours,available,
420371996464,T3,Ga Nội Địa T3,420321772424,420322475151,F2 - Arrival,2,Thang máy,Elevator,Thang máy,10.811124384406,106.65285592152,9,poi-elevator,,,,,available,
420371994040,T3,Ga Nội Địa T3,420321772424,420322475151,F2 - Arrival,2,Thang máy,Elevator,Thang máy,10.811509803917,106.65371934847,9,poi-elevator,,,,,available,
420364775555,T2,Ga Quốc Tế T2,420321697575,420322445959,F2 - Departure,2,Thang Máy,Elevator,Thang Máy,10.816611243316,106.66292490963,9,poi-elevator,,+84 28 3848 5634,http://tansonnhatairport.vn/,24 Hours,available,
420364798686,T2,Ga Quốc Tế T2,420321697575,420322445959,F2 - Departure,2,Thang Máy,Elevator,Thang Máy,10.816970308416,106.66387441835,9,poi-elevator,,+84 28 3848 5634,http://tansonnhatairport.vn/,24 Hours,available,
420371992222,T3,Ga Nội Địa T3,420321772424,420322472222,F4,4,Thang máy,Elevator,Thang máy,10.812512806855,106.65419878495,9,poi-elevator,,,,,available,
420364798787,T2,Ga Quốc Tế T2,420321697575,420322445959,F2 - Departure,2,Thang Máy,Elevator,Thang Máy,10.817190539539,106.66452466527,9,poi-elevator,,+84 28 3848 5634,http://tansonnhatairport.vn/,24 Hours,available,
420364798888,T2,Ga Quốc Tế T2,420321697575,420322445656,F0 - Arrival,0,Thang Máy,Elevator,Thang Máy,10.816214029713,106.66476400039,9,poi-elevator,,+84 28 3848 5634,http://tansonnhatairport.vn/,24 Hours,available,
420364799494,T2,Ga Quốc Tế T2,420321697575,420322445656,F0 - Arrival,0,Thang Máy,Elevator,Thang Máy,10.815800730822,106.66367798808,9,poi-elevator,,+84 28 3848 5634,http://tansonnhatairport.vn/,24 Hours,available,
420371760505,T3,Ga Nội Địa T3,420321772424,420322474848,F3 - Departure,3,Thang máy,Elevator,Thang máy,10.811768470714,106.65459141275,9,poi-elevator,,,,,available,
420371760808,T3,Ga Nội Địa T3,420321772424,420322474848,F3 - Departure,3,Thang máy,Elevator,Thang máy,10.810982793443,106.65232111963,9,poi-elevator,,,,,available,
420371991919,T3,Ga Nội Địa T3,420321772424,420322474848,F3 - Departure,3,Thang máy,Elevator,Thang máy,10.81154422017,106.65218328721,9,poi-elevator,,,,,available,
420371991616,T3,Ga Nội Địa T3,420321772424,420322474848,F3 - Departure,3,Thang máy,Elevator,Thang máy,10.811893805015,106.65305689447,9,poi-elevator,,,,,available,
420371989090,T3,Ga Nội Địa T3,420321772424,420322474848,F3 - Departure,3,Thang máy,Elevator,Thang máy,10.812507426591,106.65469669091,9,poi-elevator,,,,,available,
420371988888,T3,Ga Nội Địa T3,420321772424,420322474848,F3 - Departure,3,Thang máy,Elevator,Thang máy,10.812673419905,106.65526779741,9,poi-elevator,,,,,available,
420364796060,T2,Ga Quốc Tế T2,420321697575,420322445656,F0 - Arrival,0,Thang Máy,Elevator,Thang Máy,10.816484888151,106.66403525329,9,poi-elevator,,+84 28 3848 5634,http://tansonnhatairport.vn/,24 Hours,available,
420371759696,T3,Ga Nội Địa T3,420321772424,420322474848,F3 - Departure,3,Thang máy,Elevator,Thang máy,10.812419199668,106.65443396702,9,poi-elevator,,,,,available,
420371759797,T3,Ga Nội Địa T3,420321772424,420322474848,F3 - Departure,3,Thang máy,Elevator,Thang máy,10.812454427412,106.65414060129,9,poi-elevator,,,,,available,
420371757575,T3,Ga Nội Địa T3,420321772424,420322474848,F3 - Departure,3,Thang máy,Elevator,Thang máy,10.811711601978,106.65257526676,9,poi-elevator,,,,,available,
420371757373,T3,Ga Nội Địa T3,420321772424,420322474848,F3 - Departure,3,Thang máy,Elevator,Thang máy,10.811930966392,106.65315966711,9,poi-elevator,,,,,available,
420364794646,T2,Ga Quốc Tế T2,420321697575,420322445656,F0 - Arrival,0,Thang Máy,Elevator,Thang Máy,10.817201695244,106.66456452239,9,poi-elevator,,+84 28 3848 5634,http://tansonnhatairport.vn/,24 Hours,available,
420371757878,T3,Ga Nội Địa T3,420321772424,420322474848,F3 - Departure,3,Thang máy,Elevator,Thang máy,10.811371548699,106.65139205709,9,poi-elevator,,,,,available,
420371757979,T3,Ga Nội Địa T3,420321772424,420322474848,F3 - Departure,3,Thang máy,Elevator,Thang máy,10.813120371601,106.6560858537,9,poi-elevator,,,,,available,
420364792424,T2,Ga Quốc Tế T2,420321697575,420322445757,F3,3,Thang Máy,Elevator,Thang Máy,10.816956216024,106.66380605648,9,poi-elevator,,+84 28 3848 5634,http://tansonnhatairport.vn/,24 Hours,available,
420364792525,T2,Ga Quốc Tế T2,420321697575,420322445757,F3,3,Thang Máy,Elevator,Thang Máy,10.816975571727,106.66386368206,9,poi-elevator,,+84 28 3848 5634,http://tansonnhatairport.vn/,24 Hours,available,
420364793333,T2,Ga Quốc Tế T2,420321697575,420322445757,F3,3,Thang Máy,Elevator,Thang Máy,10.816192576001,106.66471694144,9,poi-elevator,,+84 28 3848 5634,http://tansonnhatairport.vn/,24 Hours,available,
420364790707,T2,Ga Quốc Tế T2,420321697575,420322445757,F3,3,Thang Máy,Elevator,Thang Máy,10.815795182045,106.66366310735,9,poi-elevator,,+84 28 3848 5634,http://tansonnhatairport.vn/,24 Hours,available,
420364714242,T2,Ga Quốc Tế T2,420321697575,420322445858,F1 - Gate,1,Thang Máy,Elevator,Thang Máy,10.815803588841,106.66367376494,9,poi-elevator,,+84 28 3848 5634,http://tansonnhatairport.vn/,24 Hours,available,
420364714747,T2,Ga Quốc Tế T2,420321697575,420322445858,F1 - Gate,1,Thang Máy,Elevator,Thang Máy,10.816219064965,106.66475877377,9,poi-elevator,,+84 28 3848 5634,http://tansonnhatairport.vn/,24 Hours,available,
420364715151,T2,Ga Quốc Tế T2,420321697575,420322445858,F1 - Gate,1,Thang Máy,Elevator,Thang Máy,10.816485238024,106.66403247077,9,poi-elevator,,+84 28 3848 5634,http://tansonnhatairport.vn/,24 Hours,available,
420372008181,T3,Ga Nội Địa T3,420321772424,420322474848,F3 - Departure,3,Thang máy,Elevator,Thang máy,10.811515466024,106.65370947617,9,poi-elevator,,,,,available,
420372008787,T3,Ga Nội Địa T3,420321772424,420322474848,F3 - Departure,3,Thang máy,Elevator,Thang máy,10.811124222839,106.65285569911,9,poi-elevator,,,,,available,
420364713131,T2,Ga Quốc Tế T2,420321697575,420322445858,F1 - Gate,1,Thang Máy,Elevator,Thang Máy,10.816056376436,106.66201110059,9,poi-elevator,,+84 28 3848 5634,http://tansonnhatairport.vn/,24 Hours,available,
420364712828,T2,Ga Quốc Tế T2,420321697575,420322445858,F1 - Gate,1,Thang Máy,Elevator,Thang Máy,10.816197206948,106.66203847274,9,poi-elevator,,+84 28 3848 5634,http://tansonnhatairport.vn/,24 Hours,available,
420364713434,T2,Ga Quốc Tế T2,420321697575,420322445858,F1 - Gate,1,Thang Máy,Elevator,Thang Máy,10.816512329114,106.66271404366,9,poi-elevator,,+84 28 3848 5634,http://tansonnhatairport.vn/,24 Hours,available,
420364713535,T2,Ga Quốc Tế T2,420321697575,420322445858,F1 - Gate,1,Thang Máy,Elevator,Thang Máy,10.816677585632,106.66314100733,9,poi-elevator,,+84 28 3848 5634,http://tansonnhatairport.vn/,24 Hours,available,
420371751212,T3,Ga Nội Địa T3,420321772424,420322475151,F2 - Arrival,2,Thang máy,Elevator,Thang máy,10.812542312342,106.65492602371,9,poi-elevator,,,,,available,
420371751919,T3,Ga Nội Địa T3,420321772424,420322475151,F2 - Arrival,2,Thang máy,Elevator,Thang máy,10.812727028739,106.65532193199,9,poi-elevator,,,,,available,
420364711616,T2,Ga Quốc Tế T2,420321697575,420322445858,F1 - Gate,1,Thang Máy,Elevator,Thang Máy,10.8169773061,106.66386539216,9,poi-elevator,,+84 28 3848 5634,http://tansonnhatairport.vn/,24 Hours,available,
420364756161,T1,Ga Nội Địa T1,420321697272,420322446363,F1 - Departure,1,The Cocoa Trees,The Cocoa Trees,The Cocoa Trees,10.813955220709,106.66235810377,18,node-poi,8,+84 28 3848 5634,http://tansonnhatairport.vn/,24 Hours,available,https://mapper-images-singapore.s3-ap-southeast-1.amazonaws.com/seedpoi/logos/company15/18582268001735028757.png
420364789191,T1,Ga Nội Địa T1,420321697272,420322446262,F0 - Arrival|Checkin,0,The Phoenix,The Phoenix,The Phoenix,10.813794847421,106.66220351014,18,node-poi,8,+84 28 3848 5634,http://tansonnhatairport.vn/,24 Hours,available,https://mapper-images-singapore.s3-ap-southeast-1.amazonaws.com/seedpoi/logos/company15/18562192131735028755.png
420371755050,T3,Ga Nội Địa T3,420321772424,420322474848,F3 - Departure,3,Thông tin chuyến bay,Flight Information,Thông tin chuyến bay,10.811902211326,106.65456665341,38,poi-flight-info,,,,,available,
420371754848,T3,Ga Nội Địa T3,420321772424,420322474848,F3 - Departure,3,Thông tin chuyến bay,Flight Information,Thông tin chuyến bay,10.811755300765,106.6538469461,38,poi-flight-info,,,,,available,
420371752222,T3,Ga Nội Địa T3,420321772424,420322474848,F3 - Departure,3,Thông tin chuyến bay,Flight Information,Thông tin chuyến bay,10.811603358657,106.65343060019,38,poi-flight-info,,,,,available,
420371752323,T3,Ga Nội Địa T3,420321772424,420322474848,F3 - Departure,3,Thông tin chuyến bay,Flight Information,Thông tin chuyến bay,10.811300438966,106.65292433997,38,poi-flight-info,,,,,available,
420371761313,T3,Ga Nội Địa T3,420321772424,420322474848,F3 - Departure,3,Thông tin trợ giúp,Help Desk,Thông tin trợ giúp,10.811569577439,106.65368607371,8,poi-info,,,,,available,
420364779494,T2,Ga Quốc Tế T2,420321697575,420322445959,F2 - Departure,2,Thủ Tục Xuất Nhập Cảnh,Immigration Procedures,Thủ Tục Xuất Nhập Cảnh,10.816590264237,106.66398193048,42,poi-passport-control,,+84 28 3848 5634,http://tansonnhatairport.vn/,24 Hours,available,
420364714848,T2,Ga Quốc Tế T2,420321697575,420322445858,F1 - Gate,1,Thủ Tục Xuất Nhập Cảnh,Immigration Procedures,Thủ Tục Xuất Nhập Cảnh,10.816565916967,106.6639735001,42,poi-passport-control,,+84 28 3848 5634,http://tansonnhatairport.vn/,24 Hours,available,
420364792727,T2,Ga Quốc Tế T2,420321697575,420322445757,F3,3,Thực Phẩm Và Đồ Uống,Food and Beverages,Thực Phẩm Và Đồ Uống,10.816931378694,106.66363120078,18,node-poi,"8,18",+84 28 3848 5634,http://tansonnhatairport.vn/,24 Hours,available,https://mapper-images-singapore.s3-ap-southeast-1.amazonaws.com/seedpoi/logos/company15/5872692141735028731.png
420364793131,T2,Ga Quốc Tế T2,420321697575,420322445757,F3,3,Thực Phẩm Và Đồ Uống,Food and Beverages,Thực Phẩm Và Đồ Uống,10.817074303057,106.66400201619,18,node-poi,8,+84 28 3848 5634,http://tansonnhatairport.vn/,24 Hours,available,https://mapper-images-singapore.s3-ap-southeast-1.amazonaws.com/seedpoi/logos/company15/5873018911735028731.png
420364714141,T2,Ga Quốc Tế T2,420321697575,420322445858,F1 - Gate,1,Thực Phẩm Và Đồ Uống,Food and Beverages,Thực Phẩm Và Đồ Uống,10.81611071491,106.66429907084,18,node-poi,8,+84 28 3848 5634,http://tansonnhatairport.vn/,24 Hours,available,https://mapper-images-singapore.s3-ap-southeast-1.amazonaws.com/seedpoi/logos/company15/579951491735028726.png
420371737777,T3,Ga Nội Địa T3,420321772424,420322474848,F3 - Departure,3,Travel Gallery,Travel Gallery,Travel Gallery,10.812749124353,106.65551979657,18,node-poi,,,,,available,https://mapper-images-singapore.s3-ap-southeast-1.amazonaws.com/seedpoi/logos/company15/17491146179289272.png
420371736868,T3,Ga Nội Địa T3,420321772424,420322475050,F1,1,Trung Nguyên Legend,Trung Nguyen Legend,Trung Nguyên Legend,10.811124119877,106.65274346684,18,node-poi,,,,,available,https://mapper-images-singapore.s3-ap-southeast-1.amazonaws.com/seedpoi/logos/company15/17494575123823812.png
420372012626,T3,Ga Nội Địa T3,420321772424,420322474848,F3 - Departure,3,TT Bisro,TT Bisro,TT Bisro,10.812843393164,106.65576766622,18,node-poi,,,,,available,https://mapper-images-singapore.s3-ap-southeast-1.amazonaws.com/seedpoi/logos/company15/17478903971771762.png
420364755757,T1,Ga Nội Địa T1,420321697272,420322446363,F1 - Departure,1,TT Food Takeaway Cafe,TT Food Takeaway Cafe,TT Food Takeaway Cafe,10.814213443117,106.66190488615,18,node-poi,8,+84 28 3848 5634,http://tansonnhatairport.vn/,24 Hours,available,https://mapper-images-singapore.s3-ap-southeast-1.amazonaws.com/seedpoi/logos/company15/18581651881735028757.png
420364778686,T2,Ga Quốc Tế T2,420321697575,420322445959,F2 - Departure,2,Tumi,Tumi,Tumi,10.816742655472,106.66356214698,18,node-poi,,+84 28 3848 5634,http://tansonnhatairport.vn/,24 Hours,available,https://mapper-images-singapore.s3-ap-southeast-1.amazonaws.com/seedpoi/logos/company15/17286563811735028728.png
420364751919,T1,Ga Nội Địa T1,420321697272,420322446363,F1 - Departure,1,Twike Joys,Twike Joys,Twike Joys,10.813709265101,106.66230557954,18,node-poi,26,+84 28 3848 5634,http://tansonnhatairport.vn/,24 Hours,available,https://mapper-images-singapore.s3-ap-southeast-1.amazonaws.com/seedpoi/logos/company15/23475333051735028758.png
420364789292,T1,Ga Nội Địa T1,420321697272,420322446262,F0 - Arrival|Checkin,0,Urban Market,Urban Market,Urban Market,10.815109119389,106.66249355505,18,node-poi,8,+84 28 3848 5634,http://tansonnhatairport.vn/,24 Hours,available,https://mapper-images-singapore.s3-ap-southeast-1.amazonaws.com/seedpoi/logos/company15/18562672111735028755.png
420371721414,T3,Ga Nội Địa T3,420321772424,420322475151,F2 - Arrival,2,Viet Nam's Delight,Viet Nam's Delight,Viet Nam's Delight,10.811526586448,106.65211458973,18,node-poi,,,,,available,https://mapper-images-singapore.s3-ap-southeast-1.amazonaws.com/seedpoi/logos/company15/17494353767117102.png
420364755959,T1,Ga Nội Địa T1,420321697272,420322446363,F1 - Departure,1,Viet Nam's Delights,Viet Nam's Delights,Viet Nam's Delights,10.812734918062,106.66202424413,18,node-poi,3,+84 28 3848 5634,http://tansonnhatairport.vn/,24 Hours,available,https://mapper-images-singapore.s3-ap-southeast-1.amazonaws.com/seedpoi/logos/company15/18580623631735028757.png
420371692929,T1,Ga Nội Địa T1,420321697272,420322446262,F0 - Arrival|Checkin,0,Viet Travel,Viet Travel,Viet Travel,10.813626236847,106.66240386184,18,node-poi,,+84 28 3848 5634,http://tansonnhatairport.vn/,24 Hours,available,https://mapper-images-singapore.s3-ap-southeast-1.amazonaws.com/seedpoi/logos/company15/17490906308648632.png
420364749595,T1,Ga Nội Địa T1,420321697272,420322446363,F1 - Departure,1,Vietnam Aroma,Vietnam Aroma,Vietnam Aroma,10.813057013037,106.66224311566,18,node-poi,"3,8",+84 28 3848 5634,http://tansonnhatairport.vn/,24 Hours,available,https://mapper-images-singapore.s3-ap-southeast-1.amazonaws.com/seedpoi/logos/company15/23476166321735028758.png
420364751616,T1,Ga Nội Địa T1,420321697272,420322446363,F1 - Departure,1,Vietnam Heritage,Vietnam Heritage,Vietnam Heritage,10.813586098489,106.66229418014,18,node-poi,26,+84 28 3848 5634,http://tansonnhatairport.vn/,24 Hours,available,https://mapper-images-singapore.s3-ap-southeast-1.amazonaws.com/seedpoi/logos/company15/23475474081735028758.png
420364756363,T1,Ga Nội Địa T1,420321697272,420322446363,F1 - Departure,1,Wine,Wine,Wine,10.814173547269,106.6617943982,18,node-poi,8,+84 28 3848 5634,http://tansonnhatairport.vn/,24 Hours,available,https://mapper-images-singapore.s3-ap-southeast-1.amazonaws.com/seedpoi/logos/company15/1858196671735028757.png
420364757878,T1,Ga Nội Địa T1,420321697272,420322446262,F0 - Arrival|Checkin,0,Xe Đẩy,Trolley,Xe Đẩy,10.813237909795,106.66233188544,44,poi-stroller,,+84 28 3848 5634,http://tansonnhatairport.vn/,24 Hours,available,
420371754949,T3,Ga Nội Địa T3,420321772424,420322474848,F3 - Departure,3,Xe đẩy hành lý,Luggage Trolley,Xe đẩy hành lý,10.811663896741,106.65379313429,44,poi-stroller,,,,,available,
420364758484,T1,Ga Nội Địa T1,420321697272,420322446262,F0 - Arrival|Checkin,0,Y Tế Sân Bay,Airport Medical Services,Y Tế Sân Bay,10.813611937117,106.66222073755,6,poi-medical,,+84 28 3848 5634,http://tansonnhatairport.vn/,24 Hours,available,
420364782222,T2,Ga Quốc Tế T2,420321697575,420322445959,F2 - Departure,2,Y Tế Sân Bay,Airport Medical Services,Y Tế Sân Bay,10.817201667494,106.66456818508,6,poi-medical,,+84 28 3848 5634,http://tansonnhatairport.vn/,24 Hours,available,
420364799292,T2,Ga Quốc Tế T2,420321697575,420322445656,F0 - Arrival,0,Y Tế Sân Bay,Airport Medical Services,Y Tế Sân Bay,10.815793414154,106.66377820724,6,poi-medical,,+84 28 3848 5634,http://tansonnhatairport.vn/,24 Hours,available,
420364750808,T1,Ga Nội Địa T1,420321697272,420322446363,F1 - Departure,1,Yến Sào Finest,Finest Bird’s Nest,Yến Sào Finest,10.814731932071,106.66201044763,18,node-poi,"8,10",+84 28 3848 5634,http://tansonnhatairport.vn/,24 Hours,available,https://mapper-images-singapore.s3-ap-southeast-1.amazonaws.com/seedpoi/logos/company15/23474354631735028757.png
