node_id,terminal_code,terminal_name,venue_id,floor_id,floor_name,lat,lng,radius,type,weight
420367292424,SGN_CAMPUS,Khuôn Viên Sân Bay (Tổng quan),420321697474,420322445353,F1,10.81536513398,106.66370630265,6,1,1
420367292525,SGN_CAMPUS,Khuôn Viên Sân Bay (Tổng quan),420321697474,420322445353,F1,10.815143830445,106.66312426328,6,1,1
420367289898,SGN_CAMPUS,Khuôn Viên Sân Bay (Tổng quan),420321697474,420322445353,F1,10.814955148318,106.66274083395,6,1,1
420367289999,SGN_CAMPUS,Khuôn Viên Sân Bay (Tổng quan),420321697474,420322445353,F1,10.81469169133,106.66271669414,6,1,1
420367289696,SGN_CAMPUS,Khuôn Viên Sân Bay (Tổng quan),420321697474,420322445353,F1,10.815054379183,106.6628697289,6,1,1
420367289797,SGN_CAMPUS,Khuôn Viên Sân Bay (Tổng quan),420321697474,420322445353,F1,10.815584433849,106.66432609016,6,4,1
420367290202,SGN_CAMPUS,Khuôn Viên Sân Bay (Tổng quan),420321697474,420322445353,F1,10.814118657022,106.6626773837,6,4,1
420367290303,T2,Ga Quốc Tế T2,420321697575,420322445858,F1 - Gate,10.815814943265,106.66362963602,1.2,1,1
420367290000,T2,Ga Quốc Tế T2,420321697575,420322445858,F1 - Gate,10.815836019752,106.66368730351,1.2,1,1
420367290101,T2,Ga Quốc Tế T2,420321697575,420322445858,F1 - Gate,10.8158729036,106.66387036428,1.2,1,1
420367290606,T2,Ga Quốc Tế T2,420321697575,420322445858,F1 - Gate,10.815903201043,106.66385829434,1.2,1,1
420367290707,T2,Ga Quốc Tế T2,420321697575,420322445858,F1 - Gate,10.815994751993,106.66410304591,1.2,1,1
420367290404,T2,Ga Quốc Tế T2,420321697575,420322445858,F1 - Gate,10.81607510604,106.66431695208,1.2,1,1
420367290505,T2,Ga Quốc Tế T2,420321697575,420322445858,F1 - Gate,10.816167974217,106.66455902145,1.2,1,1
420367291010,T2,Ga Quốc Tế T2,420321697575,420322445858,F1 - Gate,10.81613899408,106.66456907973,1.2,1,1
420367291111,T2,Ga Quốc Tế T2,420321697575,420322445858,F1 - Gate,10.816250962775,106.66476555154,1.2,1,1
420367290808,T2,Ga Quốc Tế T2,420321697575,420322445858,F1 - Gate,10.816230544958,106.66472464785,1.2,1,1
420367290909,T2,Ga Quốc Tế T2,420321697575,420322445858,F1 - Gate,10.816570953318,106.66372626013,1.2,1,1
420367288282,T2,Ga Quốc Tế T2,420321697575,420322445858,F1 - Gate,10.816647355382,106.66392139084,1.2,1,1
420367288383,T2,Ga Quốc Tế T2,420321697575,420322445858,F1 - Gate,10.816742748184,106.66416834038,1.2,1,1
420367288080,T2,Ga Quốc Tế T2,420321697575,420322445858,F1 - Gate,10.816805648124,106.66362150502,1.2,1,1
420367288181,T2,Ga Quốc Tế T2,420321697575,420322445858,F1 - Gate,10.816779302606,106.66354640316,1.2,2,1
420367288686,T2,Ga Quốc Tế T2,420321697575,420322445858,F1 - Gate,10.81689654016,106.66349611175,1.2,1,1
420367288787,T2,Ga Quốc Tế T2,420321697575,420322445858,F1 - Gate,10.816728587463,106.66340290498,1.2,1,1
420367288484,T2,Ga Quốc Tế T2,420321697575,420322445858,F1 - Gate,10.816676555039,106.66327550006,1.2,1,1
420367288585,T2,Ga Quốc Tế T2,420321697575,420322445858,F1 - Gate,10.816638354013,106.66282824171,1.2,1,1
420367289090,T2,Ga Quốc Tế T2,420321697575,420322445858,F1 - Gate,10.816655478617,106.66322185589,1.2,2,1
420367289191,T2,Ga Quốc Tế T2,420321697575,420322445858,F1 - Gate,10.816735832483,106.66319168103,1.2,1,1
420367288888,T2,Ga Quốc Tế T2,420321697575,420322445858,F1 - Gate,10.816758884819,106.6632439841,1.2,1,1
420367288989,T2,Ga Quốc Tế T2,420321697575,420322445858,F1 - Gate,10.816610713679,106.66309847426,1.2,1,1
420367289494,T2,Ga Quốc Tế T2,420321697575,420322445858,F1 - Gate,10.81656592626,106.66287518036,1.2,1,1
420367289595,T2,Ga Quốc Tế T2,420321697575,420322445858,F1 - Gate,10.816531018414,106.66289127362,1.2,1,1
420367289292,T2,Ga Quốc Tế T2,420321697575,420322445858,F1 - Gate,10.816501379673,106.66281617177,1.2,1,1
420367289393,T2,Ga Quốc Tế T2,420321697575,420322445858,F1 - Gate,10.81648162051,106.66276051593,1.2,1,1
420367286666,T2,Ga Quốc Tế T2,420321697575,420322445858,F1 - Gate,10.816439467628,106.66265322758,1.2,1,1
420367286767,T2,Ga Quốc Tế T2,420321697575,420322445858,F1 - Gate,10.816424977572,106.66249363614,1.2,1,1
420367286464,T2,Ga Quốc Tế T2,420321697575,420322445858,F1 - Gate,10.816384800602,106.66250972939,1.2,2,1
420367286565,T2,Ga Quốc Tế T2,420321697575,420322445858,F1 - Gate,10.816473058207,106.66247553121,1.2,1,1
420367287070,T2,Ga Quốc Tế T2,420321697575,420322445858,F1 - Gate,10.816362406871,106.66245072079,1.2,1,1
420367287171,T2,Ga Quốc Tế T2,420321697575,420322445858,F1 - Gate,10.816234630875,106.66213824344,1.2,1,1
420367286868,T2,Ga Quốc Tế T2,420321697575,420322445858,F1 - Gate,10.816297201607,106.6622750361,1.2,2,1
420367286969,T2,Ga Quốc Tế T2,420321697575,420322445858,F1 - Gate,10.81638875243,106.66224083794,1.2,1,1
420367287474,T2,Ga Quốc Tế T2,420321697575,420322445858,F1 - Gate,10.816195112514,106.66207722318,1.2,1,1
420367287575,T2,Ga Quốc Tế T2,420321697575,420322445858,F1 - Gate,10.816147690474,106.66196457041,1.2,1,1
420367287272,T2,Ga Quốc Tế T2,420321697575,420322445858,F1 - Gate,10.816141104084,106.66206515325,1.2,2,1
420367287373,T2,Ga Quốc Tế T2,420321697575,420322445858,F1 - Gate,10.815859206238,106.66203900171,1.2,1,1
420367287878,T2,Ga Quốc Tế T2,420321697575,420322445858,F1 - Gate,10.816026500783,106.66195719433,1.2,1,1
420367287979,T2,Ga Quốc Tế T2,420321697575,420322445858,F1 - Gate,10.815930339363,106.66195048881,1.2,1,1
420367287676,T2,Ga Quốc Tế T2,420321697575,420322445858,F1 - Gate,10.81586645128,106.66194244218,1.2,1,1
420367287777,T2,Ga Quốc Tế T2,420321697575,420322445858,F1 - Gate,10.816018597111,106.66205308329,1.2,2,1
420367285050,T2,Ga Quốc Tế T2,420321697575,420322445858,F1 - Gate,10.815807832304,106.66203497839,1.2,1,1
420367285151,T2,Ga Quốc Tế T2,420321697575,420322445858,F1 - Gate,10.815736040509,106.66203095508,1.2,1,1
420367284848,T2,Ga Quốc Tế T2,420321697575,420322445858,F1 - Gate,10.8156919116,106.66192903113,1.2,1,1
420367284949,T2,Ga Quốc Tế T2,420321697575,420322445858,F1 - Gate,10.815588505024,106.66202290845,1.2,1,1
420367285454,T2,Ga Quốc Tế T2,420321697575,420322445858,F1 - Gate,10.815687959762,106.66202693176,1.2,2,1
420367285555,T2,Ga Quốc Tế T2,420321697575,420322445858,F1 - Gate,10.815460070056,106.66200882686,1.2,1,1
420367285252,T2,Ga Quốc Tế T2,420321697575,420322445858,F1 - Gate,10.816952465055,106.6637415211,1.2,1,1
420367285353,T2,Ga Quốc Tế T2,420321697575,420322445858,F1 - Gate,10.817012730401,106.66389843032,1.2,1,1
420367285858,T2,Ga Quốc Tế T2,420321697575,420322445858,F1 - Gate,10.816978151925,106.66407478556,1.2,1,1
420367285959,T2,Ga Quốc Tế T2,420321697575,420322445858,F1 - Gate,10.81704533296,106.66424845861,1.2,1,1
420367285656,T2,Ga Quốc Tế T2,420321697575,420322445858,F1 - Gate,10.817103293055,106.66415458129,1.2,1,1
420367285757,T2,Ga Quốc Tế T2,420321697575,420322445858,F1 - Gate,10.817020304738,106.66418475614,1.2,2,1
420367286262,T2,Ga Quốc Tế T2,420321697575,420322445858,F1 - Gate,10.817242265514,106.66447510526,1.2,1,1
420367286363,T2,Ga Quốc Tế T2,420321697575,420322445858,F1 - Gate,10.817157959954,106.66430076168,1.2,1,1
420367286060,T2,Ga Quốc Tế T2,420321697575,420322445858,F1 - Gate,10.817078923472,106.66433227763,1.2,1,1
420367286161,T2,Ga Quốc Tế T2,420321697575,420322445858,F1 - Gate,10.817132273099,106.66447544053,1.2,1,1
420367283434,T2,Ga Quốc Tế T2,420321697575,420322445858,F1 - Gate,10.81714709244,106.6645139973,1.2,1,1
420367283535,T2,Ga Quốc Tế T2,420321697575,420322445858,F1 - Gate,10.817353575161,106.66480032311,1.2,1,1
420367283232,T2,Ga Quốc Tế T2,420321697575,420322445858,F1 - Gate,10.817230410046,106.66473125623,1.2,1,1
420367283333,T2,Ga Quốc Tế T2,420321697575,420322445858,F1 - Gate,10.81730088421,106.66491364644,1.2,1,1
420367283838,T2,Ga Quốc Tế T2,420321697575,420322445858,F1 - Gate,10.817362137441,106.66508061394,1.2,1,1
420367283939,T2,Ga Quốc Tế T2,420321697575,420322445858,F1 - Gate,10.817417462929,106.66522344159,1.2,1,1
420367283636,T2,Ga Quốc Tế T2,420321697575,420322445858,F1 - Gate,10.817453687945,106.66520868943,1.2,1,1
420367283737,T2,Ga Quốc Tế T2,420321697575,420322445858,F1 - Gate,10.817269269634,106.66483586237,1.2,1,1
420367284242,T2,Ga Quốc Tế T2,420321697575,420322445858,F1 - Gate,10.817575814039,106.66540178612,1.2,1,1
420367284343,T2,Ga Quốc Tế T2,420321697575,420322445858,F1 - Gate,10.815395719778,106.66189949169,1.2,1,1
420367284040,T2,Ga Quốc Tế T2,420321697575,420322445858,F1 - Gate,10.815387157448,106.66199940397,1.2,2,1
420367284141,T2,Ga Quốc Tế T2,420321697575,420322445858,F1 - Gate,10.81784147265,106.66614190599,1.2,1,1
420367284646,T2,Ga Quốc Tế T2,420321697575,420322445858,F1 - Gate,10.818086539924,106.66678354343,1.2,1,1
420367284747,T2,Ga Quốc Tế T2,420321697575,420322445858,F1 - Gate,10.817178726623,106.66459687384,1.2,1,1
420367284444,T2,Ga Quốc Tế T2,420321697575,420322445858,F1 - Gate,10.815565519119,106.66191624059,1.2,1,1
420367284545,T2,Ga Quốc Tế T2,420321697575,420322445858,F1 - Gate,10.816523863599,106.66400915124,1.2,1,1
420367307474,T2,Ga Quốc Tế T2,420321697575,420322445858,F1 - Gate,10.816440875115,106.66379859783,1.2,1,1
420367307575,T2,Ga Quốc Tế T2,420321697575,420322445858,F1 - Gate,10.816606193421,106.66422909238,1.2,1,1
420367307272,T2,Ga Quốc Tế T2,420321697575,420322445858,F1 - Gate,10.815861404392,106.66199286389,1.2,1,1
420367307373,T2,Ga Quốc Tế T2,420321697575,420322445858,F1 - Gate,10.816060642963,106.66196067738,1.2,1,1
420367307878,T2,Ga Quốc Tế T2,420321697575,420322445858,F1 - Gate,10.816508614785,106.66256886827,1.2,1,1
420367307979,T2,Ga Quốc Tế T2,420321697575,420322445858,F1 - Gate,10.816551426298,106.66269895541,1.2,1,1
420367307676,T2,Ga Quốc Tế T2,420321697575,420322445858,F1 - Gate,10.816606751935,106.6628578763,1.2,2,1
420367307777,T2,Ga Quốc Tế T2,420321697575,420322445858,F1 - Gate,10.816712463394,106.66310128676,1.2,1,1
420367308282,T2,Ga Quốc Tế T2,420321697575,420322445858,F1 - Gate,10.816693033564,106.66310899811,1.2,1,1
420367308383,T2,Ga Quốc Tế T2,420321697575,420322445858,F1 - Gate,10.816666029393,106.66303456681,1.2,1,1
420367308080,T2,Ga Quốc Tế T2,420321697575,420322445858,F1 - Gate,10.816681836713,106.66307144719,1.2,1,1
420367308181,T2,Ga Quốc Tế T2,420321697575,420322445858,F1 - Gate,10.816633097474,106.66294873613,1.2,1,1
420367308686,T2,Ga Quốc Tế T2,420321697575,420322445858,F1 - Gate,10.816854620685,106.66351501628,1.2,2,1
420367308787,T2,Ga Quốc Tế T2,420321697575,420322445858,F1 - Gate,10.816826299252,106.66343857332,1.2,1,1
420367308484,T2,Ga Quốc Tế T2,420321697575,420322445858,F1 - Gate,10.816801271007,106.6633742003,1.2,1,1
420367308585,T2,Ga Quốc Tế T2,420321697575,420322445858,F1 - Gate,10.81676716025,106.66338800005,1.2,1,1
420367305858,T2,Ga Quốc Tế T2,420321697575,420322445858,F1 - Gate,10.816996366232,106.66385537497,1.2,1,1
420367305959,T2,Ga Quốc Tế T2,420321697575,420322445858,F1 - Gate,10.816969362088,106.66378429643,1.2,2,1
420367305656,T2,Ga Quốc Tế T2,420321697575,420322445858,F1 - Gate,10.816882421901,106.66381916514,1.2,2,1
420367305757,T2,Ga Quốc Tế T2,420321697575,420322445858,F1 - Gate,10.816922598809,106.66393382958,1.2,2,1
420367306262,T2,Ga Quốc Tế T2,420321697575,420322445858,F1 - Gate,10.816964751624,106.66391773633,1.2,1,1
420367306363,T2,Ga Quốc Tế T2,420321697575,420322445858,F1 - Gate,10.817202348627,106.66436247792,1.2,1,1
420367306060,T2,Ga Quốc Tế T2,420321697575,420322445858,F1 - Gate,10.817179420941,106.66450107383,1.2,1,1
420367306161,T2,Ga Quốc Tế T2,420321697575,420322445858,F1 - Gate,10.817218939172,106.66458120482,1.2,1,1
420367306666,T2,Ga Quốc Tế T2,420321697575,420322445858,F1 - Gate,10.8172480231,106.66457047599,1.2,1,1
420367306767,T2,Ga Quốc Tế T2,420321697575,420322445858,F1 - Gate,10.817312898845,106.66475353675,1.2,1,1
420367306464,T2,Ga Quốc Tế T2,420321697575,420322445858,F1 - Gate,10.817332987271,106.66474515485,1.2,1,1
420367306565,T2,Ga Quốc Tế T2,420321697575,420322445858,F1 - Gate,10.817293469055,106.66470223951,1.2,1,1
420367307070,T2,Ga Quốc Tế T2,420321697575,420322445858,F1 - Gate,10.817400222852,106.66492698574,1.2,1,1
420367307171,T2,Ga Quốc Tế T2,420321697575,420322445858,F1 - Gate,10.817736127402,106.6658657589,1.2,1,1
420367306868,T2,Ga Quốc Tế T2,420321697575,420322445858,F1 - Gate,10.817986408979,106.66652625287,1.2,1,1
420367306969,T2,Ga Quốc Tế T2,420321697575,420322445858,F1 - Gate,10.817414054224,106.66496721888,1.2,1,1
420367304242,T2,Ga Quốc Tế T2,420321697575,420322445858,F1 - Gate,10.817492431982,106.66519319498,1.2,2,1
420367304343,T2,Ga Quốc Tế T2,420321697575,420322445858,F1 - Gate,10.816947152696,106.663792303,1.2,1,1
420367304040,T2,Ga Quốc Tế T2,420321697575,420322445959,F2 - Departure,10.81575768389,106.66366875172,1.2,1,1
420367304141,T2,Ga Quốc Tế T2,420321697575,420322445959,F2 - Departure,10.816224659533,106.66354604065,1.2,1,1
420367304646,T2,Ga Quốc Tế T2,420321697575,420322445959,F2 - Departure,10.816611939205,106.66456662118,1.2,1,1
420367304747,T2,Ga Quốc Tế T2,420321697575,420322445959,F2 - Departure,10.815935187411,106.66205942631,1.2,1,1
420367304444,T2,Ga Quốc Tế T2,420321697575,420322445959,F2 - Departure,10.815996770242,106.66206981986,1.2,1,1
420367304545,T2,Ga Quốc Tế T2,420321697575,420322445959,F2 - Departure,10.816100505995,106.66208021343,1.2,1,1
420367305050,T2,Ga Quốc Tế T2,420321697575,420322445959,F2 - Departure,10.816168016546,106.66208658366,1.2,1,1
420367305151,T2,Ga Quốc Tế T2,420321697575,420322445959,F2 - Departure,10.816226635452,106.66215062141,1.2,1,1
420367304848,T2,Ga Quốc Tế T2,420321697575,420322445959,F2 - Departure,10.816310282633,106.66235480458,1.2,1,1
420367304949,T2,Ga Quốc Tế T2,420321697575,420322445959,F2 - Departure,10.816474283734,106.66264314204,1.2,1,1
420367305454,T2,Ga Quốc Tế T2,420321697575,420322445959,F2 - Departure,10.816478894204,106.66280139238,1.2,1,1
420367305555,T2,Ga Quốc Tế T2,420321697575,420322445959,F2 - Departure,10.816517095251,106.66288554668,1.2,1,1
420367305252,T2,Ga Quốc Tế T2,420321697575,420322445959,F2 - Departure,10.816538501006,106.66294824332,1.2,1,1
420367305353,T2,Ga Quốc Tế T2,420321697575,420322445959,F2 - Departure,10.816677144408,106.66332509367,1.2,1,1
420367302626,T2,Ga Quốc Tế T2,420321697575,420322445959,F2 - Departure,10.81672193181,106.66342902929,1.2,1,1
420367302727,T2,Ga Quốc Tế T2,420321697575,420322445959,F2 - Departure,10.816759144868,106.66352525354,1.2,1,1
420367302424,T2,Ga Quốc Tế T2,420321697575,420322445959,F2 - Departure,10.81683324165,106.66372306645,1.2,1,1
420367302525,T2,Ga Quốc Tế T2,420321697575,420322445959,F2 - Departure,10.816863209677,106.66380152106,1.2,1,1
420367303030,T2,Ga Quốc Tế T2,420321697575,420322445959,F2 - Departure,10.816912936835,106.66393697262,1.2,1,1
420367303131,T2,Ga Quốc Tế T2,420321697575,420322445959,F2 - Departure,10.817058495758,106.66431449354,1.2,1,1
420367302828,T2,Ga Quốc Tế T2,420321697575,420322445959,F2 - Departure,10.817092086268,106.66440971196,1.2,1,1
420367302929,T2,Ga Quốc Tế T2,420321697575,420322445959,F2 - Departure,10.817280127191,106.66477013379,1.2,1,1
420367303434,T2,Ga Quốc Tế T2,420321697575,420322445959,F2 - Departure,10.817373324313,106.66501387954,1.2,1,1
420367303535,T2,Ga Quốc Tế T2,420321697575,420322445959,F2 - Departure,10.817369043174,106.66514631361,1.2,1,1
420367303232,T2,Ga Quốc Tế T2,420321697575,420322445959,F2 - Departure,10.816595473243,106.66310079395,1.2,1,1
420367303333,T2,Ga Quốc Tế T2,420321697575,420322445959,F2 - Departure,10.816290523458,106.66230350733,1.2,1,1
420367303838,T2,Ga Quốc Tế T2,420321697575,420322445959,F2 - Departure,10.816365937633,106.66250266135,1.2,1,1
420367303939,T2,Ga Quốc Tế T2,420321697575,420322445959,F2 - Departure,10.817283749694,106.66490860284,1.2,1,1
420367303636,T2,Ga Quốc Tế T2,420321697575,420322445959,F2 - Departure,10.816420566163,106.6640553753,1.2,1,1
420367303737,T2,Ga Quốc Tế T2,420321697575,420322445959,F2 - Departure,10.81577519757,106.66371389249,1.2,1,1
420367301010,T2,Ga Quốc Tế T2,420321697575,420322445959,F2 - Departure,10.81579561542,106.6637601606,1.2,1,1
420367301111,T2,Ga Quốc Tế T2,420321697575,420322445959,F2 - Departure,10.815837290112,106.66386476675,1.2,2,1
420367300808,T2,Ga Quốc Tế T2,420321697575,420322445959,F2 - Departure,10.816492965683,106.66269532363,1.2,1,1
420367300909,T2,Ga Quốc Tế T2,420321697575,420322445959,F2 - Departure,10.817018734625,106.66421160914,1.2,1,1
420367301414,T2,Ga Quốc Tế T2,420321697575,420322445959,F2 - Departure,10.817306641817,106.66475944253,1.2,1,1
420367301515,T2,Ga Quốc Tế T2,420321697575,420322445959,F2 - Departure,10.817198539385,106.66468873564,1.2,1,1
420367301212,T2,Ga Quốc Tế T2,420321697575,420322445959,F2 - Departure,10.817158033195,106.66458781752,1.2,1,1
420367301313,T2,Ga Quốc Tế T2,420321697575,420322445959,F2 - Departure,10.817141237945,106.66454691384,1.2,1,1
420367301818,T2,Ga Quốc Tế T2,420321697575,420322445959,F2 - Departure,10.817169559348,106.66445873623,1.2,1,1
420367301919,T2,Ga Quốc Tế T2,420321697575,420322445959,F2 - Departure,10.816984444869,106.66390421283,1.2,1,1
420367301616,T2,Ga Quốc Tế T2,420321697575,420322445959,F2 - Departure,10.817022975169,106.66398870243,1.2,1,1
420367301717,T2,Ga Quốc Tế T2,420321697575,420322445959,F2 - Departure,10.816976843045,106.66366882102,1.2,1,1
420367302222,T2,Ga Quốc Tế T2,420321697575,420322445959,F2 - Departure,10.816933372955,106.663559521,1.2,1,1
420367302323,T2,Ga Quốc Tế T2,420321697575,420322445959,F2 - Departure,10.816932714318,106.66377543882,1.2,1,1
420367302020,T2,Ga Quốc Tế T2,420321697575,420322445959,F2 - Departure,10.816904722212,106.66369430199,1.2,1,1
420367302121,T2,Ga Quốc Tế T2,420321697575,420322445959,F2 - Departure,10.816191097812,106.66479884652,1.2,1,1
420367299494,T2,Ga Quốc Tế T2,420321697575,420322445959,F2 - Departure,10.816172655909,106.664747214,1.2,1,1
420367299595,T2,Ga Quốc Tế T2,420321697575,420322445959,F2 - Departure,10.816154872643,106.66470362811,1.2,1,1
420367299292,T2,Ga Quốc Tế T2,420321697575,420322445959,F2 - Departure,10.816139394615,106.6646644008,1.2,1,1
420367299393,T2,Ga Quốc Tế T2,420321697575,420322445959,F2 - Departure,10.816055418066,106.66452090261,1.2,1,1
420367299898,T2,Ga Quốc Tế T2,420321697575,420322445959,F2 - Departure,10.81598329701,106.66391304701,1.2,1,1
420367299999,T2,Ga Quốc Tế T2,420321697575,420322445959,F2 - Departure,10.815853372858,106.66357240646,1.2,1,1
420367299696,T2,Ga Quốc Tế T2,420321697575,420322445959,F2 - Departure,10.816085872737,106.66418126791,1.2,1,1
420367299797,T2,Ga Quốc Tế T2,420321697575,420322445959,F2 - Departure,10.816194189047,106.66446485065,1.2,1,1
420367300202,T2,Ga Quốc Tế T2,420321697575,420322445959,F2 - Departure,10.81630022997,106.66475318812,1.2,1,1
420367300303,T2,Ga Quốc Tế T2,420321697575,420322445959,F2 - Departure,10.815935860661,106.6633498162,1.2,1,1
420367300000,T2,Ga Quốc Tế T2,420321697575,420322445959,F2 - Departure,10.815791618476,106.66340815425,1.2,1,1
420367300101,T2,Ga Quốc Tế T2,420321697575,420322445959,F2 - Departure,10.816122541427,106.66326666773,1.2,1,1
420367300606,T2,Ga Quốc Tế T2,420321697575,420322445959,F2 - Departure,10.816331826838,106.66382272037,1.2,1,1
420367300707,T2,Ga Quốc Tế T2,420321697575,420322445959,F2 - Departure,10.816491876094,106.66424650939,1.2,1,1
420367300404,T2,Ga Quốc Tế T2,420321697575,420322445959,F2 - Departure,10.816530735776,106.66435044499,1.2,1,1
420367300505,T2,Ga Quốc Tế T2,420321697575,420322445959,F2 - Departure,10.816509431535,106.66376631667,1.2,1,1
420367297878,T2,Ga Quốc Tế T2,420321697575,420322445959,F2 - Departure,10.816689898484,106.66369255592,1.2,1,1
420367297979,T2,Ga Quốc Tế T2,420321697575,420322445959,F2 - Departure,10.816806696782,106.6636536642,1.2,1,1
420367297676,T2,Ga Quốc Tế T2,420321697575,420322445959,F2 - Departure,10.816665687534,106.66418333871,1.2,1,1
420367297777,T2,Ga Quốc Tế T2,420321697575,420322445959,F2 - Departure,10.816847471664,106.66411158962,1.2,1,1
420367298282,T2,Ga Quốc Tế T2,420321697575,420322445959,F2 - Departure,10.815851473781,106.6620503275,1.2,1,1
420367298383,T2,Ga Quốc Tế T2,420321697575,420322445959,F2 - Departure,10.81617561169,106.66199987513,1.2,1,1
420367298080,T2,Ga Quốc Tế T2,420321697575,420322445959,F2 - Departure,10.816559492925,106.6630036855,1.2,1,1
420367298181,T2,Ga Quốc Tế T2,420321697575,420322445959,F2 - Departure,10.816637541587,106.66308247539,1.2,1,1
420367298686,T2,Ga Quốc Tế T2,420321697575,420322445959,F2 - Departure,10.816691549933,106.66320418062,1.2,1,1
420367298787,T2,Ga Quốc Tế T2,420321697575,420322445959,F2 - Departure,10.816639188184,106.66322329137,1.2,1,1
420367298484,T2,Ga Quốc Tế T2,420321697575,420322445959,F2 - Departure,10.81584008932,106.66397648799,1.2,1,1
420367298585,T2,Ga Quốc Tế T2,420321697575,420322445959,F2 - Departure,10.815815719632,106.66387389349,1.2,1,1
420367299090,T2,Ga Quốc Tế T2,420321697575,420322445959,F2 - Departure,10.816288851342,106.66370683006,1.2,1,1
420367299191,T2,Ga Quốc Tế T2,420321697575,420322445959,F2 - Departure,10.816622325254,106.66295060059,1.2,1,1
420367298888,T2,Ga Quốc Tế T2,420321697575,420322445959,F2 - Departure,10.816650317389,106.66304112514,1.2,2,1
420367298989,T2,Ga Quốc Tế T2,420321697575,420322445959,F2 - Departure,10.816708606878,106.66324631413,1.2,1,1
420367296262,T2,Ga Quốc Tế T2,420321697575,420322445959,F2 - Departure,10.816901258507,106.66378778507,1.2,1,1
420367296363,T2,Ga Quốc Tế T2,420321697575,420322445959,F2 - Departure,10.817116975938,106.66447744807,1.2,2,1
420367296060,T2,Ga Quốc Tế T2,420321697575,420322445959,F2 - Departure,10.817393221926,106.66506087768,1.2,1,1
420367296161,T2,Ga Quốc Tế T2,420321697575,420322445959,F2 - Departure,10.816080700848,106.66428693963,1.2,1,1
420367296666,T2,Ga Quốc Tế T2,420321697575,420322445959,F2 - Departure,10.81586532561,106.66403950585,1.2,1,1
420367296767,T2,Ga Quốc Tế T2,420321697575,420322445959,F2 - Departure,10.815999367339,106.66201574441,1.2,1,1
420367296464,T2,Ga Quốc Tế T2,420321697575,420322445959,F2 - Departure,10.816025054291,106.66201809134,1.2,1,1
420367296565,T2,Ga Quốc Tế T2,420321697575,420322445959,F2 - Departure,10.816169296364,106.66204323705,1.2,1,1
420367297070,T2,Ga Quốc Tế T2,420321697575,420322445959,F2 - Departure,10.816204862892,106.66208849933,1.2,1,1
420367297171,T2,Ga Quốc Tế T2,420321697575,420322445959,F2 - Departure,10.816426446562,106.66266128536,1.2,2,1
420367296868,T2,Ga Quốc Tế T2,420321697575,420322445959,F2 - Departure,10.816446430089,106.66271426634,1.2,2,1
420367296969,T2,Ga Quốc Tế T2,420321697575,420322445959,F2 - Departure,10.816656206485,106.66312699125,1.2,1,1
420367297474,T2,Ga Quốc Tế T2,420321697575,420322445959,F2 - Departure,10.816685845211,106.66311525659,1.2,1,1
420367297575,T2,Ga Quốc Tế T2,420321697575,420322445959,F2 - Departure,10.816610431115,106.66314677254,1.2,2,1
420367297272,T2,Ga Quốc Tế T2,420321697575,420322445959,F2 - Departure,10.816656535804,106.66326613084,1.2,2,1
420367297373,T2,Ga Quốc Tế T2,420321697575,420322445959,F2 - Departure,10.816772613645,106.66355995664,1.2,1,1
420367269090,T2,Ga Quốc Tế T2,420321697575,420322445959,F2 - Departure,10.81688589938,106.6634285284,1.2,2,1
420367269191,T2,Ga Quốc Tế T2,420321697575,420322445959,F2 - Departure,10.816743633567,106.66348418424,1.2,2,1
420367268888,T2,Ga Quốc Tế T2,420321697575,420322445959,F2 - Departure,10.817087226603,106.66396504457,1.2,2,1
420367268989,T2,Ga Quốc Tế T2,420321697575,420322445959,F2 - Departure,10.817123451659,106.66406126882,1.2,1,1
420367269494,T2,Ga Quốc Tế T2,420321697575,420322445959,F2 - Departure,10.816967025248,106.66408657749,1.2,1,1
420367269595,T2,Ga Quốc Tế T2,420321697575,420322445959,F2 - Departure,10.817177789235,106.6642015772,1.2,2,1
420367269292,T2,Ga Quốc Tế T2,420321697575,420322445959,F2 - Departure,10.817038487429,106.66426092108,1.2,2,1
420367269393,T2,Ga Quốc Tế T2,420321697575,420322445959,F2 - Departure,10.817184952219,106.66449922013,1.2,1,1
420367269898,T2,Ga Quốc Tế T2,420321697575,420322445959,F2 - Departure,10.817131931918,106.66452101308,1.2,2,1
420367269999,T2,Ga Quốc Tế T2,420321697575,420322445959,F2 - Departure,10.817235044365,106.6647872289,1.2,2,1
420367269696,T2,Ga Quốc Tế T2,420321697575,420322445959,F2 - Departure,10.817328570819,106.66503231575,1.2,2,1
420367269797,T2,Ga Quốc Tế T2,420321697575,420322445959,F2 - Departure,10.817346683334,106.66507992496,1.2,2,1
420367270202,T2,Ga Quốc Tế T2,420321697575,420322445959,F2 - Departure,10.815880904179,106.66337195376,1.2,1,1
420367270303,T2,Ga Quốc Tế T2,420321697575,420322445959,F2 - Departure,10.81603824104,106.66350278473,1.2,1,1
420367270000,T2,Ga Quốc Tế T2,420321697575,420322445959,F2 - Departure,10.815978304819,106.66352558351,1.2,1,1
420367270101,T2,Ga Quốc Tế T2,420321697575,420322445959,F2 - Departure,10.815923637705,106.66354838228,1.2,1,1
420367267474,T2,Ga Quốc Tế T2,420321697575,420322445959,F2 - Departure,10.816188410862,106.66344578779,1.2,2,1
420367267575,T2,Ga Quốc Tế T2,420321697575,420322445959,F2 - Departure,10.816031654643,106.66363086021,1.2,1,1
420367267272,T2,Ga Quốc Tế T2,420321697575,420322445959,F2 - Departure,10.815897950745,106.6636871866,1.2,2,1
420367267373,T2,Ga Quốc Tế T2,420321697575,420322445959,F2 - Departure,10.816079862982,106.66378655828,1.2,1,1
420367267878,T2,Ga Quốc Tế T2,420321697575,420322445959,F2 - Departure,10.815954205404,106.66383752025,1.2,2,1
420367267979,T2,Ga Quốc Tế T2,420321697575,420322445959,F2 - Departure,10.816002286113,106.66396492518,1.2,2,1
420367267676,T2,Ga Quốc Tế T2,420321697575,420322445959,F2 - Departure,10.81612940357,106.66390256382,1.2,1,1
420367267777,T2,Ga Quốc Tế T2,420321697575,420322445959,F2 - Departure,10.816393254553,106.66397591158,1.2,2,1
420367268282,T2,Ga Quốc Tế T2,420321697575,420322445959,F2 - Departure,10.816195004163,106.66405302509,1.2,1,1
420367268383,T2,Ga Quốc Tế T2,420321697575,420322445959,F2 - Departure,10.81605603122,106.66410733982,1.2,2,1
420367268080,T2,Ga Quốc Tế T2,420321697575,420322445959,F2 - Departure,10.816121236542,106.66427296623,1.2,2,1
420367268181,T2,Ga Quốc Tế T2,420321697575,420322445959,F2 - Departure,10.816252504367,106.66421596929,1.2,1,1
420367268686,T2,Ga Quốc Tế T2,420321697575,420322445959,F2 - Departure,10.816449437442,106.66413617357,1.2,2,1
420367268787,T2,Ga Quốc Tế T2,420321697575,420322445959,F2 - Departure,10.816181169285,106.66443080519,1.2,2,1
420367268484,T2,Ga Quốc Tế T2,420321697575,420322445959,F2 - Departure,10.816316190336,106.66437179659,1.2,1,1
420367268585,T2,Ga Quốc Tế T2,420321697575,420322445959,F2 - Departure,10.81650719562,106.66428797756,1.2,2,1
420367265858,T2,Ga Quốc Tế T2,420321697575,420322445959,F2 - Departure,10.816550007133,106.66440733586,1.2,2,1
420367265959,T2,Ga Quốc Tế T2,420321697575,420322445959,F2 - Departure,10.81636107503,106.66448559248,1.2,1,1
420367265656,T2,Ga Quốc Tế T2,420321697575,420322445959,F2 - Departure,10.816223419443,106.66453990721,1.2,2,1
420367265757,T2,Ga Quốc Tế T2,420321697575,420322445959,F2 - Departure,10.816422833822,106.66463935512,1.2,1,1
420367266262,T2,Ga Quốc Tế T2,420321697575,420322445959,F2 - Departure,10.816280567789,106.66469568151,1.2,2,1
420367266363,T2,Ga Quốc Tế T2,420321697575,420322445959,F2 - Departure,10.816460376237,106.66474731404,1.2,1,1
420367266060,T2,Ga Quốc Tế T2,420321697575,420322445959,F2 - Departure,10.816647429599,106.66466818887,1.2,2,1
420367266161,T2,Ga Quốc Tế T2,420321697575,420322445959,F2 - Departure,10.81631876886,106.66480296987,1.2,2,1
420367266666,T2,Ga Quốc Tế T2,420321697575,420322445959,F2 - Departure,10.816524264194,106.66490690547,1.2,1,1
420367266767,T2,Ga Quốc Tế T2,420321697575,420322445959,F2 - Departure,10.816708682963,106.66482912141,1.2,2,1
420367266464,T2,Ga Quốc Tế T2,420321697575,420322445959,F2 - Departure,10.816381339569,106.66496323186,1.2,2,1
420367266565,T2,Ga Quốc Tế T2,420321697575,420322445959,F2 - Departure,10.816115965427,106.66460415423,1.2,1,1
420367267070,T2,Ga Quốc Tế T2,420321697575,420322445959,F2 - Departure,10.816147250804,106.66459141373,1.2,1,1
420367267171,T2,Ga Quốc Tế T2,420321697575,420322445959,F2 - Departure,10.816132102096,106.66459778398,1.2,1,1
420367266868,T2,Ga Quốc Tế T2,420321697575,420322445959,F2 - Departure,10.81609521828,106.66461253613,1.2,1,1
420367266969,T2,Ga Quốc Tế T2,420321697575,420322445656,F0 - Arrival,10.815861099719,106.66375727695,1.2,1,1
420367264242,T2,Ga Quốc Tế T2,420321697575,420322445656,F0 - Arrival,10.815826389385,106.66366474074,1.2,1,1
420367264343,T2,Ga Quốc Tế T2,420321697575,420322445656,F0 - Arrival,10.815838903551,106.66369826835,1.2,2,1
420367264040,T2,Ga Quốc Tế T2,420321697575,420322445656,F0 - Arrival,10.815732533142,106.66374151898,1.2,1,1
420367264141,T2,Ga Quốc Tế T2,420321697575,420322445656,F0 - Arrival,10.815753280314,106.66379013401,1.2,1,1
420367264646,T2,Ga Quốc Tế T2,420321697575,420322445656,F0 - Arrival,10.815714749854,106.66380656254,1.2,2,1
420367264747,T2,Ga Quốc Tế T2,420321697575,420322445656,F0 - Arrival,10.815737802265,106.66387194139,1.2,1,1
420367264444,T2,Ga Quốc Tế T2,420321697575,420322445656,F0 - Arrival,10.815877433998,106.66380186868,1.2,2,1
420367264545,T2,Ga Quốc Tế T2,420321697575,420322445656,F0 - Arrival,10.815848124512,106.66381561499,1.2,1,1
420367265050,T2,Ga Quốc Tế T2,420321697575,420322445656,F0 - Arrival,10.815860309356,106.66386556704,1.2,2,1
420367265151,T2,Ga Quốc Tế T2,420321697575,420322445656,F0 - Arrival,10.815888960198,106.66394603331,1.2,1,1
420367264848,T2,Ga Quốc Tế T2,420321697575,420322445656,F0 - Arrival,10.815753280313,106.66391183515,1.2,1,1
420367264949,T2,Ga Quốc Tế T2,420321697575,420322445656,F0 - Arrival,10.815799714456,106.66403246137,1.2,1,1
420367265454,T2,Ga Quốc Tế T2,420321697575,420322445656,F0 - Arrival,10.815983442397,106.66451626482,1.2,1,1
420367265555,T2,Ga Quốc Tế T2,420321697575,420322445656,F0 - Arrival,10.816028229905,106.66462623539,1.2,1,1
420367265252,T2,Ga Quốc Tế T2,420321697575,420322445656,F0 - Arrival,10.816043707938,106.66467116239,1.2,1,1
420367265353,T2,Ga Quốc Tế T2,420321697575,420322445656,F0 - Arrival,10.816090142035,106.66478549155,1.2,1,1
420367262626,T2,Ga Quốc Tế T2,420321697575,420322445656,F0 - Arrival,10.816240468958,106.6647553167,1.2,1,1
420367262727,T2,Ga Quốc Tế T2,420321697575,420322445656,F0 - Arrival,10.816209512909,106.664669486,1.2,1,1
420367262424,T2,Ga Quốc Tế T2,420321697575,420322445656,F0 - Arrival,10.816185472574,106.66460880103,1.2,2,1
420367262525,T2,Ga Quốc Tế T2,420321697575,420322445656,F0 - Arrival,10.816146283525,106.66462522956,1.2,1,1
420367263030,T2,Ga Quốc Tế T2,420321697575,420322445656,F0 - Arrival,10.816132781417,106.66458834918,1.2,2,1
420367263131,T2,Ga Quốc Tế T2,420321697575,420322445656,F0 - Arrival,10.816103801274,106.66450788291,1.2,1,1
420367262828,T2,Ga Quốc Tế T2,420321697575,420322445656,F0 - Arrival,10.816056181626,106.66436606111,1.2,1,1
420367262929,T2,Ga Quốc Tế T2,420321697575,420322445656,F0 - Arrival,10.815987880684,106.66417864176,1.2,1,1
420367263434,T2,Ga Quốc Tế T2,420321697575,420322445656,F0 - Arrival,10.815996772322,106.66420244636,1.2,1,1
420367263535,T2,Ga Quốc Tế T2,420321697575,420322445656,F0 - Arrival,10.816006322599,106.66422759207,1.2,1,1
420367263232,T2,Ga Quốc Tế T2,420321697575,420322445656,F0 - Arrival,10.816014555598,106.6642510614,1.2,1,1
420367263333,T2,Ga Quốc Tế T2,420321697575,420322445656,F0 - Arrival,10.816023447234,106.66427453073,1.2,1,1
420367263838,T2,Ga Quốc Tế T2,420321697575,420322445656,F0 - Arrival,10.815944542178,106.6640938169,1.2,1,1
420367263939,T2,Ga Quốc Tế T2,420321697575,420322445656,F0 - Arrival,10.816144110012,106.66403011444,1.2,1,1
420367263636,T2,Ga Quốc Tế T2,420321697575,420322445656,F0 - Arrival,10.81623434361,106.66427084269,1.2,1,1
420367263737,T2,Ga Quốc Tế T2,420321697575,420322445656,F0 - Arrival,10.816296914337,106.66443579854,1.2,1,1
420367261010,T2,Ga Quốc Tế T2,420321697575,420322445656,F0 - Arrival,10.816392087686,106.66439791234,1.2,2,1
420367261111,T2,Ga Quốc Tế T2,420321697575,420322445656,F0 - Arrival,10.816408224336,106.66443646911,1.2,1,1
420367260808,T2,Ga Quốc Tế T2,420321697575,420322445656,F0 - Arrival,10.816468160471,106.66459270777,1.2,1,1
420367260909,T2,Ga Quốc Tế T2,420321697575,420322445656,F0 - Arrival,10.81636409553,106.66432247522,1.2,2,1
420367261414,T2,Ga Quốc Tế T2,420321697575,420322445656,F0 - Arrival,10.816447742668,106.66429431202,1.2,1,1
420367261515,T2,Ga Quốc Tế T2,420321697575,420322445656,F0 - Arrival,10.816323259903,106.66422122183,1.2,1,1
420367261212,T2,Ga Quốc Tế T2,420321697575,420322445656,F0 - Arrival,10.816282424281,106.66411393347,1.2,2,1
420367261313,T2,Ga Quốc Tế T2,420321697575,420322445656,F0 - Arrival,10.816447084029,106.66405157211,1.2,1,1
420367261818,T2,Ga Quốc Tế T2,420321697575,420322445656,F0 - Arrival,10.81624356456,106.66401200952,1.2,1,1
420367261919,T2,Ga Quốc Tế T2,420321697575,420322445656,F0 - Arrival,10.816202070288,106.66390472117,1.2,2,1
420367261616,T2,Ga Quốc Tế T2,420321697575,420322445656,F0 - Arrival,10.81627913108,106.66387119356,1.2,1,1
420367261717,T2,Ga Quốc Tế T2,420321697575,420322445656,F0 - Arrival,10.81616212341,106.66379687939,1.2,1,1
420367262222,T2,Ga Quốc Tế T2,420321697575,420322445656,F0 - Arrival,10.816101528574,106.66363862907,1.2,1,1
420367262323,T2,Ga Quốc Tế T2,420321697575,420322445656,F0 - Arrival,10.816063986115,106.66353603457,1.2,1,1
420367262020,T2,Ga Quốc Tế T2,420321697575,420322445656,F0 - Arrival,10.816040933726,106.66347769653,1.2,1,1
420367262121,T2,Ga Quốc Tế T2,420321697575,420322445656,F0 - Arrival,10.816230044684,106.66472706633,1.2,2,1
420367259494,T2,Ga Quốc Tế T2,420321697575,420322445656,F0 - Arrival,10.815984577971,106.66356219136,1.2,1,1
420367259595,T2,Ga Quốc Tế T2,420321697575,420322445656,F0 - Arrival,10.816531837299,106.66475831009,1.2,1,1
420367259292,T2,Ga Quốc Tế T2,420321697575,420322445656,F0 - Arrival,10.816505491752,106.66469326652,1.2,2,1
420367259393,T2,Ga Quốc Tế T2,420321697575,420322445656,F0 - Arrival,10.816427772375,106.66472142972,1.2,1,1
420367259898,T2,Ga Quốc Tế T2,420321697575,420322445656,F0 - Arrival,10.816603658819,106.66274107916,1.2,1,1
420367259999,T2,Ga Quốc Tế T2,420321697575,420322445656,F0 - Arrival,10.816639225296,106.66283294482,1.2,1,1
420367259696,T2,Ga Quốc Tế T2,420321697575,420322445656,F0 - Arrival,10.81667808496,106.66293218656,1.2,1,1
420367259797,T2,Ga Quốc Tế T2,420321697575,420322445656,F0 - Arrival,10.816711675512,106.66302472277,1.2,1,1
420367260202,T2,Ga Quốc Tế T2,420321697575,420322445656,F0 - Arrival,10.816644494403,106.66305221541,1.2,1,1
420367260303,T2,Ga Quốc Tế T2,420321697575,420322445656,F0 - Arrival,10.816584558302,106.66294358594,1.2,1,1
420367260000,T2,Ga Quốc Tế T2,420321697575,420322445656,F0 - Arrival,10.816543064072,106.66295833809,1.2,1,1
420367260101,T2,Ga Quốc Tế T2,420321697575,420322445656,F0 - Arrival,10.816485103868,106.66280612273,1.2,1,1
420367260606,T2,Ga Quốc Tế T2,420321697575,420322445656,F0 - Arrival,10.816523304913,106.66290804667,1.2,1,1
420367260707,T2,Ga Quốc Tế T2,420321697575,420322445656,F0 - Arrival,10.817214860005,106.66459172606,1.2,1,1
420367260404,T2,Ga Quốc Tế T2,420321697575,420322445656,F0 - Arrival,10.817227374111,106.66462592423,1.2,1,1
420367260505,T2,Ga Quốc Tế T2,420321697575,420322445656,F0 - Arrival,10.817239558897,106.66465375214,1.2,1,1
420367257878,T2,Ga Quốc Tế T2,420321697575,420322445656,F0 - Arrival,10.817730928726,106.6656977329,1.2,1,1
420367257979,T2,Ga Quốc Tế T2,420321697575,420322445656,F0 - Arrival,10.8177743987,106.66581172678,1.2,1,1
420367257676,T2,Ga Quốc Tế T2,420321697575,420322445656,F0 - Arrival,10.817742125538,106.66582312617,1.2,1,1
420367257777,T2,Ga Quốc Tế T2,420321697575,420322445656,F0 - Arrival,10.817815234124,106.6659196857,1.2,1,1
420367258282,T2,Ga Quốc Tế T2,420321697575,420322445656,F0 - Arrival,10.817855410907,106.66603233847,1.2,1,1
420367258383,T2,Ga Quốc Tế T2,420321697575,420322445656,F0 - Arrival,10.817704583284,106.66583787832,1.2,1,1
420367258080,T2,Ga Quốc Tế T2,420321697575,420322445656,F0 - Arrival,10.817651233758,106.66570175621,1.2,1,1
420367258181,T2,Ga Quốc Tế T2,420321697575,420322445656,F0 - Arrival,10.817745418718,106.66594047282,1.2,1,1
420367258686,T2,Ga Quốc Tế T2,420321697575,420322445656,F0 - Arrival,10.817718414642,106.66608598265,1.2,1,1
420367258787,T2,Ga Quốc Tế T2,420321697575,420322445656,F0 - Arrival,10.817734880542,106.66612956855,1.2,1,1
420367258484,T2,Ga Quốc Tế T2,420321697575,420322445656,F0 - Arrival,10.817788230054,106.6660558078,1.2,2,1
420367258585,T2,Ga Quốc Tế T2,420321697575,420322445656,F0 - Arrival,10.815840556119,106.6641360788,1.2,4,1
420367259090,T2,Ga Quốc Tế T2,420321697575,420322445656,F0 - Arrival,10.815939352128,106.6644056408,1.2,4,1
420367259191,T2,Ga Quốc Tế T2,420321697575,420322445656,F0 - Arrival,10.816118545611,106.66442234862,1.2,1,1
420367258888,T2,Ga Quốc Tế T2,420321697575,420322445656,F0 - Arrival,10.816075393806,106.66385739723,1.2,1,1
420367258989,T2,Ga Quốc Tế T2,420321697575,420322445656,F0 - Arrival,10.815954862725,106.66400424818,1.2,1,1
420367281818,T2,Ga Quốc Tế T2,420321697575,420322445757,F3,10.816791088816,106.66367210447,1.2,1,1
420367281919,T2,Ga Quốc Tế T2,420321697575,420322445757,F3,10.816815458424,106.66372641921,1.2,1,1
420367281616,T2,Ga Quốc Tế T2,420321697575,420322445757,F3,10.816871442651,106.66387595236,1.2,1,1
420367281717,T2,Ga Quốc Tế T2,420321697575,420322445757,F3,10.816920840489,106.66401743889,1.2,1,1
420367282222,T2,Ga Quốc Tế T2,420321697575,420322445757,F3,10.816701595356,106.66343296934,1.2,1,1
420367282323,T2,Ga Quốc Tế T2,420321697575,420322445757,F3,10.817026852917,106.66428460601,1.2,1,1
420367282020,T2,Ga Quốc Tế T2,420321697575,420322445757,F3,10.816997768573,106.6639823981,1.2,1,1
420367282121,T2,Ga Quốc Tế T2,420321697575,420322445757,F3,10.816887851003,106.66369684992,1.2,1,1
420367282626,T2,Ga Quốc Tế T2,420321697575,420322445757,F3,10.815736384106,106.66362900751,1.2,1,1
420367282727,T2,Ga Quốc Tế T2,420321697575,420322445757,F3,10.815754826036,106.66367728727,1.2,1,1
420367282424,T2,Ga Quốc Tế T2,420321697575,420322445757,F3,10.815798954937,106.66378994005,1.2,1,1
420367282525,T2,Ga Quốc Tế T2,420321697575,420322445757,F3,10.815977446394,106.6640729131,1.2,1,1
420367283030,T2,Ga Quốc Tế T2,420321697575,420322445757,F3,10.816006080539,106.6641555734,1.2,1,1
420367283131,T2,Ga Quốc Tế T2,420321697575,420322445757,F3,10.816054819881,106.66428163722,1.2,1,1
420367282828,T2,Ga Quốc Tế T2,420321697575,420322445757,F3,10.816109579917,106.66460728687,1.2,1,1
420367282929,T2,Ga Quốc Tế T2,420321697575,420322445757,F3,10.816139218696,106.66468104762,1.2,1,1
420367280202,T2,Ga Quốc Tế T2,420321697575,420322445757,F3,10.816160953799,106.66473938567,1.2,1,1
420367280303,T2,Ga Quốc Tế T2,420321697575,420322445757,F3,10.816171492031,106.66476754886,1.2,1,1
420367280000,T2,Ga Quốc Tế T2,420321697575,420322445757,F3,10.815831863775,106.6638591846,1.2,1,1
420367280101,T2,Ga Quốc Tế T2,420321697575,420322445757,F3,10.815949094671,106.66399834261,1.2,2,1
420367280606,T2,Ga Quốc Tế T2,420321697575,420322445757,F3,10.816088726304,106.6643678169,1.2,2,1
420367280707,T2,Ga Quốc Tế T2,420321697575,420322445757,F3,10.816949606236,106.66409670552,1.2,1,1
420367280404,T2,Ga Quốc Tế T2,420321697575,420322445757,F3,10.816668352637,106.66378273911,1.2,1,1
420367280505,T2,Ga Quốc Tế T2,420321697575,420322445757,F3,10.816782955688,106.66407040603,1.2,1,1
420367281010,T2,Ga Quốc Tế T2,420321697575,420322445757,F3,10.81694597169,106.66376603345,1.2,1,1
420367281111,T2,Ga Quốc Tế T2,420321697575,420322445757,F3,10.816884718374,106.66379151444,1.2,1,1
420367280808,T2,Ga Quốc Tế T2,420321697575,420322445757,F3,10.816989441778,106.66390148501,1.2,1,1
420367280909,T2,Ga Quốc Tế T2,420321697575,420322445757,F3,10.816934774848,106.66392562489,1.2,2,1
420367281414,T1,Ga Nội Địa T1,420321697272,420322446262,F0 - Arrival|Checkin,10.813104782199,106.66176473093,1.2,1,1
420367281515,T1,Ga Nội Địa T1,420321697272,420322446262,F0 - Arrival|Checkin,10.81310017168,106.66180697572,1.2,1,1
420367281212,T1,Ga Nội Địa T1,420321697272,420322446262,F0 - Arrival|Checkin,10.813044845392,106.66180228186,1.2,1,1
420367281313,T1,Ga Nội Địa T1,420321697272,420322446262,F0 - Arrival|Checkin,10.813040893514,106.66183580947,1.2,1,1
420367278686,T1,Ga Nội Địa T1,420321697272,420322446262,F0 - Arrival|Checkin,10.813096549128,106.66184955579,1.2,1,1
420367278787,T1,Ga Nội Địa T1,420321697272,420322446262,F0 - Arrival|Checkin,10.813320818066,106.6618720193,1.2,1,1
420367278484,T1,Ga Nội Địa T1,420321697272,420322446262,F0 - Arrival|Checkin,10.813433513284,106.66188408923,1.2,1,1
420367278585,T1,Ga Nội Địa T1,420321697272,420322446262,F0 - Arrival|Checkin,10.813542189763,106.66189481808,1.2,1,1
420367279090,T1,Ga Nội Địa T1,420321697272,420322446262,F0 - Arrival|Checkin,10.813675236067,106.66191158188,1.2,1,1
420367279191,T1,Ga Nội Địa T1,420321697272,420322446262,F0 - Arrival|Checkin,10.813756249387,106.6619196285,1.2,1,1
420367278888,T1,Ga Nội Địa T1,420321697272,420322446262,F0 - Arrival|Checkin,10.813773374144,106.66175869596,1.2,1,1
420367278989,T1,Ga Nội Địa T1,420321697272,420322446262,F0 - Arrival|Checkin,10.814011144789,106.66188341869,1.2,1,1
420367279494,T1,Ga Nội Địa T1,420321697272,420322446262,F0 - Arrival|Checkin,10.814067129538,106.66196053219,1.2,1,1
420367279595,T1,Ga Nội Địa T1,420321697272,420322446262,F0 - Arrival|Checkin,10.814171853927,106.66197461378,1.2,1,1
420367279292,T1,Ga Nội Địa T1,420321697272,420322446262,F0 - Arrival|Checkin,10.814075033267,106.66231190158,1.2,1,1
420367279393,T1,Ga Nội Địa T1,420321697272,420322446262,F0 - Arrival|Checkin,10.813964381048,106.66230117274,1.2,1,1
420367279898,T1,Ga Nội Địa T1,420321697272,420322446262,F0 - Arrival|Checkin,10.813955160028,106.66240577889,1.2,1,1
420367279999,T1,Ga Nội Địa T1,420321697272,420322446262,F0 - Arrival|Checkin,10.814064494963,106.66241583716,1.2,1,1
420367279696,T1,Ga Nội Địa T1,420321697272,420322446262,F0 - Arrival|Checkin,10.814129700724,106.6624225427,1.2,1,1
420367279797,T1,Ga Nội Địa T1,420321697272,420322446262,F0 - Arrival|Checkin,10.813872170838,106.66239773227,1.2,1,1
420367277070,T1,Ga Nội Địa T1,420321697272,420322446262,F0 - Arrival|Checkin,10.813866901682,106.66248892737,1.2,1,1
420367277171,T1,Ga Nội Địa T1,420321697272,420322446262,F0 - Arrival|Checkin,10.814120479708,106.6625137378,1.2,1,1
420367276868,T1,Ga Nội Địa T1,420321697272,420322446262,F0 - Arrival|Checkin,10.813992044107,106.66250233842,1.2,1,1
420367276969,T1,Ga Nội Địa T1,420321697272,420322446262,F0 - Arrival|Checkin,10.814218458356,106.66245151053,1.2,1,1
420367277474,T1,Ga Nội Địa T1,420321697272,420322446262,F0 - Arrival|Checkin,10.814350187078,106.66237305592,1.2,1,1
420367277575,T1,Ga Nội Địa T1,420321697272,420322446262,F0 - Arrival|Checkin,10.814340307425,106.66246022771,1.2,1,1
420367277272,T1,Ga Nội Địa T1,420321697272,420322446262,F0 - Arrival|Checkin,10.814422637842,106.66237976144,1.2,1,1
420367277373,T1,Ga Nội Địa T1,420321697272,420322446262,F0 - Arrival|Checkin,10.814523410247,106.66238914918,1.2,1,1
420367277878,T1,Ga Nội Địa T1,420321697272,420322446262,F0 - Arrival|Checkin,10.814580053545,106.66233885775,1.2,1,1
420367277979,T1,Ga Nội Địa T1,420321697272,420322446262,F0 - Arrival|Checkin,10.814589274546,106.66211656969,1.2,1,1
420367277676,T1,Ga Nội Địa T1,420321697272,420322446262,F0 - Arrival|Checkin,10.814583346764,106.66223827491,1.2,1,1
420367277777,T1,Ga Nội Địa T1,420321697272,420322446262,F0 - Arrival|Checkin,10.814661725258,106.66224498044,1.2,1,1
420367278282,T1,Ga Nội Địa T1,420321697272,420322446262,F0 - Arrival|Checkin,10.814784891428,106.66235293935,1.2,1,1
420367278383,T1,Ga Nội Địa T1,420321697272,420322446262,F0 - Arrival|Checkin,10.814800040205,106.66220139454,1.2,1,1
420367278080,T1,Ga Nội Địa T1,420321697272,420322446262,F0 - Arrival|Checkin,10.814997632875,106.66236903261,1.2,1,1
420367278181,T1,Ga Nội Địa T1,420321697272,420322446262,F0 - Arrival|Checkin,10.815127385324,106.66238244366,1.2,1,1
420367275454,T1,Ga Nội Địa T1,420321697272,420322446262,F0 - Arrival|Checkin,10.815022661271,106.66237171482,1.2,1,1
420367275555,T1,Ga Nội Địa T1,420321697272,420322446262,F0 - Arrival|Checkin,10.814919254465,106.66236366819,1.2,1,1
420367275252,T1,Ga Nội Địa T1,420321697272,420322446262,F0 - Arrival|Checkin,10.81479477107,106.66225772093,1.2,1,1
420367275353,T1,Ga Nội Địa T1,420321697272,420322446262,F0 - Arrival|Checkin,10.815110260639,106.66228588413,1.2,1,1
420367275858,T1,Ga Nội Địa T1,420321697272,420322446262,F0 - Arrival|Checkin,10.815120140266,106.66219267736,1.2,1,1
420367275959,T1,Ga Nội Địa T1,420321697272,420322446262,F0 - Arrival|Checkin,10.815114871131,106.66224363934,1.2,1,1
420367275656,T1,Ga Nội Địa T1,420321697272,420322446262,F0 - Arrival|Checkin,10.815147803218,106.66210181754,1.2,1,1
420367275757,T1,Ga Nội Địa T1,420321697272,420322446262,F0 - Arrival|Checkin,10.815065802316,106.66209175925,1.2,1,1
420367276262,T1,Ga Nội Địa T1,420321697272,420322446262,F0 - Arrival|Checkin,10.814971945834,106.66208505373,1.2,1,1
420367276363,T1,Ga Nội Địa T1,420321697272,420322446262,F0 - Arrival|Checkin,10.814878418647,106.6620770071,1.2,1,1
420367276060,T1,Ga Nội Địa T1,420321697272,420322446262,F0 - Arrival|Checkin,10.814816176944,106.66206996631,1.2,1,1
420367276161,T1,Ga Nội Địa T1,420321697272,420322446262,F0 - Arrival|Checkin,10.814560294262,106.66252795349,1.2,1,1
420367276666,T1,Ga Nội Địa T1,420321697272,420322446262,F0 - Arrival|Checkin,10.81468280183,106.66253935289,1.2,1,1
420367276767,T1,Ga Nội Địa T1,420321697272,420322446262,F0 - Arrival|Checkin,10.814936287044,106.66226906471,1.2,1,1
420367276464,T1,Ga Nội Địa T1,420321697272,420322446262,F0 - Arrival|Checkin,10.812631725247,106.66199056041,1.2,1,1
420367276565,T1,Ga Nội Địa T1,420321697272,420322446262,F0 - Arrival|Checkin,10.812623162832,106.66211796534,1.2,1,1
420367273838,T1,Ga Nội Địa T1,420321697272,420322446262,F0 - Arrival|Checkin,10.812684417019,106.66233120096,1.2,1,1
420367273939,T1,Ga Nội Địa T1,420321697272,420322446262,F0 - Arrival|Checkin,10.812603403418,106.66232248378,1.2,1,1
420367273636,T1,Ga Nội Địa T1,420321697272,420322446262,F0 - Arrival|Checkin,10.812742296924,106.66233849454,1.2,1,1
420367273737,T1,Ga Nội Địa T1,420321697272,420322446262,F0 - Arrival|Checkin,10.812804209738,106.6623445295,1.2,1,1
420367274242,T1,Ga Nội Địa T1,420321697272,420322446262,F0 - Arrival|Checkin,10.81292276614,106.66211520063,1.2,1,1
420367274343,T1,Ga Nội Địa T1,420321697272,420322446262,F0 - Arrival|Checkin,10.812978081846,106.66224407898,1.2,1,1
420367274040,T1,Ga Nội Địa T1,420321697272,420322446262,F0 - Arrival|Checkin,10.813020366942,106.66224877285,1.2,1,1
420367274141,T1,Ga Nội Địa T1,420321697272,420322446262,F0 - Arrival|Checkin,10.812955160946,106.66208515809,1.2,1,1
420367274646,T1,Ga Nội Địa T1,420321697272,420322446262,F0 - Arrival|Checkin,10.812951867719,106.66211868571,1.2,1,1
420367274747,T1,Ga Nội Địa T1,420321697272,420322446262,F0 - Arrival|Checkin,10.813063837605,106.6622521256,1.2,1,1
420367274444,T1,Ga Nội Địa T1,420321697272,420322446262,F0 - Arrival|Checkin,10.813110601482,106.66225681947,1.2,1,1
420367274545,T1,Ga Nội Địa T1,420321697272,420322446262,F0 - Arrival|Checkin,10.813177124735,106.66226352499,1.2,1,1
420367275050,T1,Ga Nội Địa T1,420321697272,420322446262,F0 - Arrival|Checkin,10.813287777246,106.66227224217,1.2,1,1
420367275151,T1,Ga Nội Địa T1,420321697272,420322446262,F0 - Arrival|Checkin,10.813350348587,106.66227760659,1.2,1,1
420367274848,T1,Ga Nội Địa T1,420321697272,420322446262,F0 - Arrival|Checkin,10.81351500995,106.66228766488,1.2,1,1
420367274949,T1,Ga Nội Địa T1,420321697272,420322446262,F0 - Arrival|Checkin,10.81348866414,106.66228498267,1.2,1,1
420367272222,T1,Ga Nội Địa T1,420321697272,420322446262,F0 - Arrival|Checkin,10.813572312085,106.66210795687,1.2,1,1
420367272323,T1,Ga Nội Địa T1,420321697272,420322446262,F0 - Arrival|Checkin,10.813562432407,106.6622212802,1.2,1,1
420367272020,T1,Ga Nội Địa T1,420321697272,420322446262,F0 - Arrival|Checkin,10.813552552725,106.66228967653,1.2,1,1
420367272121,T1,Ga Nội Địa T1,420321697272,420322446262,F0 - Arrival|Checkin,10.813097428562,106.66235270844,1.2,1,1
420367272626,T1,Ga Nội Địa T1,420321697272,420322446262,F0 - Arrival|Checkin,10.813293705058,106.66237148391,1.2,1,1
420367272727,T1,Ga Nội Địa T1,420321697272,420322446262,F0 - Arrival|Checkin,10.813409626695,106.66238087163,1.2,1,1
420367272424,T1,Ga Nội Địa T1,420321697272,420322446262,F0 - Arrival|Checkin,10.813395795133,106.6625035827,1.2,1,1
420367272525,T1,Ga Nội Địa T1,420321697272,420322446262,F0 - Arrival|Checkin,10.813420823666,106.66227961825,1.2,1,1
420367273030,T1,Ga Nội Địa T1,420321697272,420322446262,F0 - Arrival|Checkin,10.813450299819,106.66238405857,1.2,1,1
420367273131,T1,Ga Nội Địa T1,420321697272,420322446262,F0 - Arrival|Checkin,10.813564163453,106.66243233833,1.2,1,1
420367272828,T1,Ga Nội Địa T1,420321697272,420322446262,F0 - Arrival|Checkin,10.8135679836,106.66236461255,1.2,1,1
420367272929,T1,Ga Nội Địa T1,420321697272,420322446262,F0 - Arrival|Checkin,10.813648667619,106.66222983155,1.2,1,1
420367273434,T1,Ga Nội Địa T1,420321697272,420322446262,F0 - Arrival|Checkin,10.813632860141,106.66237031224,1.2,1,1
420367273535,T1,Ga Nội Địa T1,420321697272,420322446262,F0 - Arrival|Checkin,10.813764027762,106.66238573494,1.2,1,1
420367273232,T1,Ga Nội Địa T1,420321697272,420322446262,F0 - Arrival|Checkin,10.813501557726,106.66238875243,1.2,1,1
420367273333,T1,Ga Nội Địa T1,420321697272,420322446262,F0 - Arrival|Checkin,10.813759878303,106.66245077853,1.2,1,1
420367270606,T1,Ga Nội Địa T1,420321697272,420322446262,F0 - Arrival|Checkin,10.814005786762,106.66195445902,1.2,1,1
420367270707,T1,Ga Nội Địa T1,420321697272,420322446262,F0 - Arrival|Checkin,10.814513717859,106.66247819985,1.2,1,1
420367270404,T1,Ga Nội Địa T1,420321697272,420322446262,F0 - Arrival|Checkin,10.814462343695,106.66238365199,1.2,1,1
420367270505,T1,Ga Nội Địa T1,420321697272,420322446262,F0 - Arrival|Checkin,10.812828972836,106.66209495399,1.2,1,1
420367271010,T1,Ga Nội Địa T1,420321697272,420322446262,F0 - Arrival|Checkin,10.812818434487,106.66220593039,1.2,1,1
420367271111,T1,Ga Nội Địa T1,420321697272,420322446262,F0 - Arrival|Checkin,10.814454215817,106.66247168811,1.2,1,1
420367270808,T1,Ga Nội Địa T1,420321697272,420322446262,F0 - Arrival|Checkin,10.814300740223,106.6622072837,1.2,1,1
420367270909,T1,Ga Nội Địa T1,420321697272,420322446262,F0 - Arrival|Checkin,10.813432606485,106.66216483079,1.2,1,1
420367271414,T1,Ga Nội Địa T1,420321697272,420322446262,F0 - Arrival|Checkin,10.813426678675,106.66222115717,1.2,1,1
420367271515,T1,Ga Nội Địa T1,420321697272,420322446262,F0 - Arrival|Checkin,10.814748040061,106.66185139369,1.2,1,1
420367271212,T1,Ga Nội Địa T1,420321697272,420322446262,F0 - Arrival|Checkin,10.814699959149,106.66184669983,1.2,2,1
420367271313,T1,Ga Nội Địa T1,420321697272,420322446262,F0 - Arrival|Checkin,10.814677306719,106.66205529925,1.2,1,1
420367271818,T1,Ga Nội Địa T1,420321697272,420322446262,F0 - Arrival|Checkin,10.812912747066,106.66223681112,1.2,1,1
420367271919,T1,Ga Nội Địa T1,420321697272,420322446262,F0 - Arrival|Checkin,10.813229014684,106.66226765652,1.2,1,1
420367271616,T1,Ga Nội Địa T1,420321697272,420322446262,F0 - Arrival|Checkin,10.813235827875,106.66236689825,1.2,1,1
420367271717,T1,Ga Nội Địa T1,420321697272,420322446262,F0 - Arrival|Checkin,10.814572797959,106.66239463179,1.2,1,1
420367345959,T1,Ga Nội Địa T1,420321697272,420322446262,F0 - Arrival|Checkin,10.814552397716,106.66261723389,1.2,1,1
420367345656,T1,Ga Nội Địa T1,420321697272,420322446262,F0 - Arrival|Checkin,10.813671491412,106.66244215229,1.2,1,1
420367345757,T1,Ga Nội Địa T1,420321697272,420322446262,F0 - Arrival|Checkin,10.813677419216,106.66237643816,1.2,1,1
420367346262,T1,Ga Nội Địa T1,420321697272,420322446262,F0 - Arrival|Checkin,10.813983785351,106.66259980363,1.2,4,1
420367346363,T1,Ga Nội Địa T1,420321697272,420322446262,F0 - Arrival|Checkin,10.814547584297,106.66265411835,1.2,4,1
420367346060,T1,Ga Nội Địa T1,420321697272,420322446262,F0 - Arrival|Checkin,10.81398869447,106.66256636526,1.2,1,1
420367346161,T1,Ga Nội Địa T1,420321697272,420322446363,F1 - Departure,10.81273134894,106.66165465105,1.2,1,1
420367346666,T1,Ga Nội Địa T1,420321697272,420322446363,F1 - Departure,10.812723181722,106.6617719977,1.2,1,1
420367346767,T1,Ga Nội Địa T1,420321697272,420322446363,F1 - Departure,10.812719229839,106.6618618517,1.2,1,1
420367346464,T1,Ga Nội Địa T1,420321697272,420322446363,F1 - Departure,10.81292867952,106.66188129772,1.2,1,1
420367347070,T1,Ga Nội Địa T1,420321697272,420322446363,F1 - Departure,10.812935924632,106.6621005683,1.2,1,1
420367347171,T1,Ga Nội Địa T1,420321697272,420322446363,F1 - Departure,10.812843055454,106.66210526216,1.2,1,1
420367346868,T1,Ga Nội Địa T1,420321697272,420322446363,F1 - Departure,10.81278368149,106.6621005683,1.2,1,1
420367346969,T1,Ga Nội Địa T1,420321697272,420322446363,F1 - Departure,10.81276523937,106.66225613643,1.2,1,1
420367344343,T1,Ga Nội Địa T1,420321697272,420322446363,F1 - Departure,10.812709254378,106.66197048116,1.2,1,1
420367344040,T1,Ga Nội Địa T1,420321697272,420322446363,F1 - Departure,10.812837690523,106.66198322166,1.2,1,1
420367344141,T1,Ga Nội Địa T1,420321697272,420322446363,F1 - Departure,10.81281002736,106.66166234592,1.2,1,1
420367344646,T1,Ga Nội Địa T1,420321697272,420322446363,F1 - Departure,10.812947025866,106.66167776862,1.2,1,1
420367344747,T1,Ga Nội Địa T1,420321697272,420322446363,F1 - Departure,10.81294241534,106.66174080053,1.2,1,1
420367344444,T1,Ga Nội Địa T1,420321697272,420322446363,F1 - Departure,10.812938463461,106.66179712692,1.2,1,1
420367344545,T1,Ga Nội Địa T1,420321697272,420322446363,F1 - Departure,10.812997741649,106.66183736006,1.2,1,1
420367345050,T1,Ga Nội Địa T1,420321697272,420322446363,F1 - Departure,10.813040553657,106.66184272448,1.2,1,1
420367345151,T1,Ga Nội Địa T1,420321697272,420322446363,F1 - Departure,10.813105100989,106.66168849745,1.2,1,1
420367344848,T1,Ga Nội Địa T1,420321697272,420322446363,F1 - Departure,10.813085341608,106.66184674779,1.2,1,1
420367344949,T1,Ga Nội Địa T1,420321697272,420322446363,F1 - Departure,10.813189407687,106.66181925514,1.2,1,1
420367345454,T1,Ga Nội Địa T1,420321697272,420322446363,F1 - Departure,10.813293144414,106.66183132509,1.2,1,1
420367345555,T1,Ga Nội Địa T1,420321697272,420322446363,F1 - Departure,10.81323650087,106.66182461956,1.2,1,1
420367345252,T1,Ga Nội Địa T1,420321697272,420322446363,F1 - Departure,10.813348141328,106.66183601895,1.2,1,1
420367345353,T1,Ga Nội Địa T1,420321697272,420322446363,F1 - Departure,10.813476574513,106.66184909472,1.2,1,1
420367342626,T1,Ga Nội Địa T1,420321697272,420322446363,F1 - Departure,10.81341894304,106.66184171865,1.2,1,1
420367342727,T1,Ga Nội Địa T1,420321697272,420322446363,F1 - Departure,10.81338205889,106.66183903643,1.2,1,1
420367342424,T1,Ga Nội Địa T1,420321697272,420322446363,F1 - Departure,10.813328379273,106.66170928458,1.2,1,1
420367342525,T1,Ga Nội Địa T1,420321697272,420322446363,F1 - Departure,10.813639259873,106.66174012998,1.2,1,1
420367343030,T1,Ga Nội Địa T1,420321697272,420322446363,F1 - Departure,10.813733446093,106.66175287047,1.2,1,1
420367342828,T1,Ga Nội Địa T1,420321697272,420322446363,F1 - Departure,10.813819486592,106.66187310816,1.2,1,1
420367342929,T1,Ga Nội Địa T1,420321697272,420322446363,F1 - Departure,10.813722907776,106.66186887602,1.2,1,1
420367343232,T1,Ga Nội Địa T1,420321697272,420322446363,F1 - Departure,10.813868745593,106.66199213412,1.2,1,1
420367343333,T1,Ga Nội Địa T1,420321697272,420322446363,F1 - Departure,10.81386611102,106.66207796481,1.2,1,1
420367343939,T1,Ga Nội Địa T1,420321697272,420322446363,F1 - Departure,10.813933951391,106.66208467033,1.2,1,1
420367343636,T1,Ga Nội Địa T1,420321697272,420322446363,F1 - Departure,10.813811443523,106.66207461205,1.2,1,1
420367343737,T1,Ga Nội Địa T1,420321697272,420322446363,F1 - Departure,10.813799587918,106.66222950962,1.2,1,1
420367341010,T1,Ga Nội Địa T1,420321697272,420322446363,F1 - Departure,10.813720550545,106.66222213355,1.2,1,1
420367341111,T1,Ga Nội Địa T1,420321697272,420322446363,F1 - Departure,10.813969462875,106.66224781928,1.2,1,1
420367340808,T1,Ga Nội Địa T1,420321697272,420322446363,F1 - Departure,10.814078797803,106.66225854812,1.2,1,1
420367340909,T1,Ga Nội Địa T1,420321697272,420322446363,F1 - Departure,10.814045865601,106.6622558659,1.2,1,1
420367341212,T1,Ga Nội Địa T1,420321697272,420322446363,F1 - Departure,10.814119633732,106.66183811185,1.2,1,1
420367341313,T1,Ga Nội Địa T1,420321697272,420322446363,F1 - Departure,10.813958265923,106.66187499222,1.2,1,1
420367341818,T1,Ga Nội Địa T1,420321697272,420322446363,F1 - Departure,10.814069576791,106.6618823683,1.2,1,1
420367341919,T1,Ga Nội Địa T1,420321697272,420322446363,F1 - Departure,10.81416744434,106.66184280571,1.2,1,1
420367341616,T1,Ga Nội Địa T1,420321697272,420322446363,F1 - Departure,10.814211573473,106.66184749958,1.2,1,1
420367341717,T1,Ga Nội Địa T1,420321697272,420322446363,F1 - Departure,10.81435515778,106.66186024007,1.2,1,1
420367342222,T1,Ga Nội Địa T1,420321697272,420322446363,F1 - Departure,10.814339350332,106.66202318427,1.2,1,1
420367342323,T1,Ga Nội Địa T1,420321697272,420322446363,F1 - Departure,10.814504011154,106.66204263028,1.2,1,1
420367342020,T1,Ga Nội Địa T1,420321697272,420322446363,F1 - Departure,10.814500059295,106.66209627447,1.2,1,1
420367342121,T1,Ga Nội Địa T1,420321697272,420322446363,F1 - Departure,10.814496766078,106.66213583705,1.2,1,1
420367339494,T1,Ga Nội Địa T1,420321697272,420322446363,F1 - Departure,10.814487545074,106.66223172603,1.2,1,1
420367339595,T1,Ga Nội Địa T1,420321697272,420322446363,F1 - Departure,10.814480958649,106.66229811069,1.2,1,1
420367339292,T1,Ga Nội Địa T1,420321697272,420322446363,F1 - Departure,10.814662744098,106.66231286286,1.2,1,1
420367339393,T1,Ga Nội Địa T1,420321697272,420322446363,F1 - Departure,10.81467064781,106.66223440824,1.2,1,1
420367339898,T1,Ga Nội Địa T1,420321697272,420322446363,F1 - Departure,10.814705555875,106.66195478795,1.2,1,1
420367339999,T1,Ga Nội Địa T1,420321697272,420322446363,F1 - Departure,10.814729925656,106.6619567996,1.2,1,1
420367339696,T1,Ga Nội Địa T1,420321697272,420322446363,F1 - Departure,10.814739146647,106.66186895725,1.2,1,1
420367339797,T1,Ga Nội Địa T1,420321697272,420322446363,F1 - Departure,10.814616639107,106.66194472966,1.2,1,1
420367340303,T1,Ga Nội Địa T1,420321697272,420322446363,F1 - Departure,10.814498083365,106.66179586706,1.2,1,1
420367340000,T1,Ga Nội Địa T1,420321697272,420322446363,F1 - Departure,10.812799720766,106.66177994934,1.2,1,1
420367340101,T1,Ga Nội Địa T1,420321697272,420322446363,F1 - Departure,10.812845167394,106.66207298067,1.2,1,1
420367340606,T1,Ga Nội Địa T1,420321697272,420322446363,F1 - Departure,10.81461885426,106.66187978544,1.2,1,1
420367340707,T1,Ga Nội Địa T1,420321697272,420322446363,F1 - Departure,10.813257364244,106.66170282906,1.2,1,1
420367340404,T1,Ga Nội Địa T1,420321697272,420322446363,F1 - Departure,10.813177668085,106.66169478245,1.2,1,1
420367340505,T1,Ga Nội Địa T1,420321697272,420322446363,F1 - Departure,10.813393668445,106.66171511049,1.2,1,1
420367337878,T1,Ga Nội Địa T1,420321697272,420322446363,F1 - Departure,10.814279527491,106.66185322592,1.2,1,1
420367337979,T1,Ga Nội Địa T1,420321697272,420322446363,F1 - Departure,10.814359882,106.66178013571,1.2,1,1
420367337676,T1,Ga Nội Địa T1,420321697272,420322446363,F1 - Departure,10.814284137997,106.66177477129,1.2,1,1
420367337777,T1,Ga Nội Địa T1,420321697272,420322446363,F1 - Departure,10.813089453022,106.66180770541,1.2,1,1
420367338383,T1,Ga Nội Địa T1,420321697272,420322446363,F1 - Departure,10.813805427233,106.6621627519,1.2,1,1
420367338080,T1,Ga Nội Địa T1,420321697272,420322446363,F1 - Departure,10.814696602077,106.6620113606,1.2,1,1
420367338181,T1,Ga Nội Địa T1,420321697272,420322446363,F1 - Departure,10.81469265022,106.66206366367,1.2,1,1
420367338686,T1,Ga Nội Địa T1,420321697272,420322446363,F1 - Departure,10.814688698365,106.66211194344,1.2,1,1
420367338787,T1,Ga Nội Địa T1,420321697272,420322446363,F1 - Departure,10.814091402249,106.66211300394,1.2,1,1
420367338484,T1,Ga Nội Địa T1,420321697272,420322446363,F1 - Departure,10.814086791741,106.66217536529,1.2,1,1
420367338585,T1,Ga Nội Địa T1,420321697272,420322446363,F1 - Departure,10.813609933093,106.66220822236,1.2,1,1
420367339090,T1,Ga Nội Địa T1,420321697272,420322446363,F1 - Departure,10.813592149676,106.66220688125,1.2,1,1
420367339191,T1,Ga Nội Địa T1,420321697272,420322446363,F1 - Departure,10.813524309223,106.66219816407,1.2,1,1
420367338888,T1,Ga Nội Địa T1,420321697272,420322446363,F1 - Departure,10.813455151463,106.66219347021,1.2,1,1
420367338989,T1,Ga Nội Địa T1,420321697272,420322446363,F1 - Departure,10.81337677265,106.66218542358,1.2,1,1
420367336262,T1,Ga Nội Địa T1,420321697272,420322446363,F1 - Departure,10.813295100588,106.66217804751,1.2,1,1
420367336363,T1,Ga Nội Địa T1,420321697272,420322446363,F1 - Departure,10.813217380378,106.66217067142,1.2,1,1
420367336060,T1,Ga Nội Địa T1,420321697272,420322446363,F1 - Departure,10.813138342857,106.66216463646,1.2,1,1
420367336161,T1,Ga Nội Địa T1,420321697272,420322446363,F1 - Departure,10.813065233131,106.66215726038,1.2,1,1
420367336666,T1,Ga Nội Địa T1,420321697272,420322446363,F1 - Departure,10.812983560982,106.66214921376,1.2,1,1
420367336464,T1,Ga Nội Địa T1,420321697272,420322446363,F1 - Departure,10.813702143388,106.66174889406,1.2,1,1
420367336565,T1,Ga Nội Địa T1,420321697272,420322446363,F1 - Departure,10.813894467626,106.66176766952,1.2,1,1
420367337070,T1,Ga Nội Địa T1,420321697272,420322446363,F1 - Departure,10.81388327067,106.66187562843,1.2,2,1
420367336868,T1,Ga Nội Địa T1,420321697272,420322446363,F1 - Departure,10.814346105731,106.66194795053,1.2,1,1
420367336969,T1,Ga Nội Địa T1,420321697272,420322446363,F1 - Departure,10.813807992572,106.662118232,1.2,1,1
420373130909,T2,Ga Quốc Tế T2,420321697575,420322445656,F0 - Arrival,10.816156766457,106.66462103542,1.2,1,1
420373123737,T2,Ga Quốc Tế T2,420321697575,420322445656,F0 - Arrival,10.816169939246,106.664615671,1.2,1,1
420373105151,T2,Ga Quốc Tế T2,420321697575,420322445656,F0 - Arrival,10.816310793731,106.66447846906,1.2,1,1
420373104848,T2,Ga Quốc Tế T2,420321697575,420322445656,F0 - Arrival,10.815809211188,106.66370896903,1.2,1,1
420373104949,T2,Ga Quốc Tế T2,420321697575,420322445656,F0 - Arrival,10.817220792247,106.66460810762,1.2,1,1
420269323434,T1,Ga Nội Địa T1,420321697272,420322446262,F0 - Arrival|Checkin,10.813762032345,106.66186095269,1.2,1,1
420269323535,T1,Ga Nội Địa T1,420321697272,420322446262,F0 - Arrival|Checkin,10.814193444333,106.66197762879,1.2,1,1
420269855353,T2,Ga Quốc Tế T2,420321697575,420322445858,F1 - Gate,10.817321952565,106.66474960711,1.2,1,1
420269855858,T2,Ga Quốc Tế T2,420321697575,420322445959,F2 - Departure,10.81691700487,106.66378201957,1.2,1,1
420269855959,T2,Ga Quốc Tế T2,420321697575,420322445757,F3,10.815774831038,106.66373213133,1.2,1,1
420269855656,T2,Ga Quốc Tế T2,420321697575,420322445757,F3,10.816124380621,106.66464804247,1.2,1,1
420269855757,T2,Ga Quốc Tế T2,420321697575,420322445757,F3,10.816150067562,106.66471241549,1.2,1,1
420269853030,T2,Ga Quốc Tế T2,420321697575,420322445757,F3,10.816908226992,106.66385959072,1.2,1,1
420269853131,T1,Ga Nội Địa T1,420321697272,420322446262,F0 - Arrival|Checkin,10.812616479348,106.66218191115,1.2,1,1
420269852828,T1,Ga Nội Địa T1,420321697272,420322446363,F1 - Departure,10.812843280002,106.66209206246,1.2,1,1
420269852929,T1,Ga Nội Địa T1,420321697272,420322446363,F1 - Departure,10.81293995142,106.66177303193,1.2,1,1
420269853434,T1,Ga Nội Địa T1,420321697272,420322446363,F1 - Departure,10.812791097266,106.66186825034,1.2,1,1
420269853535,T1,Ga Nội Địa T1,420321697272,420322446363,F1 - Departure,10.812935248531,106.66183232879,1.2,1,1
420269845757,T2,Ga Quốc Tế T2,420321697575,420322445757,F3,10.815745073056,106.6636527172,1.2,1,1
420273166767,T3,Ga Nội Địa T3,420321772424,420322475050,F1,10.810835333009,106.65231807679,1.2,1,1
420273167272,T3,Ga Nội Địa T3,420321772424,420322475050,F1,10.810894978854,106.65247085891,1.2,1,1
420273167373,T3,Ga Nội Địa T3,420321772424,420322475050,F1,10.811012877365,106.65282088719,1.2,1,1
420273167878,T3,Ga Nội Địa T3,420321772424,420322475050,F1,10.811068862675,106.6529570093,1.2,1,1
420273167979,T3,Ga Nội Địa T3,420321772424,420322475050,F1,10.811023440254,106.65285097552,1.2,1,1
420273167676,T3,Ga Nội Địa T3,420321772424,420322475050,F1,10.810997069746,106.6527799835,1.2,1,1
420273165050,T3,Ga Nội Địa T3,420321772424,420322475050,F1,10.811155145896,106.65225091778,1.2,1,1
420273165151,T3,Ga Nội Địa T3,420321772424,420322475050,F1,10.811363279368,106.6528389921,1.2,1,1
420273164848,T3,Ga Nội Địa T3,420321772424,420322475050,F1,10.811187604676,106.65324300145,1.2,1,1
420273165454,T3,Ga Nội Địa T3,420321772424,420322475050,F1,10.811252152406,106.65339320517,1.2,1,1
420273165555,T3,Ga Nội Địa T3,420321772424,420322475050,F1,10.811311430922,106.65357693648,1.2,1,1
420273165252,T3,Ga Nội Địa T3,420321772424,420322475050,F1,10.811435257118,106.6539108715,1.2,1,1
420273165353,T3,Ga Nội Địa T3,420321772424,420322475050,F1,10.811505073993,106.65408588564,1.2,1,1
420273165858,T3,Ga Nội Địa T3,420321772424,420322475050,F1,10.811528785381,106.6541636697,1.2,1,1
420273165959,T3,Ga Nội Địa T3,420321772424,420322475050,F1,10.811839997171,106.65414522952,1.2,1,1
420273165656,T3,Ga Nội Địa T3,420321772424,420322475050,F1,10.811320652024,106.6527199707,1.2,1,1
420273165757,T3,Ga Nội Địa T3,420321772424,420322475050,F1,10.81121329204,106.65240414059,1.2,1,1
420273166060,T3,Ga Nội Địa T3,420321772424,420322475050,F1,10.811551838117,106.6533616892,1.2,1,1
420273166161,T3,Ga Nội Địa T3,420321772424,420322475050,F1,10.811529444029,106.65329195177,1.2,1,1
420273240202,T3,Ga Nội Địa T3,420321772424,420322475050,F1,10.811168503815,106.65318734562,1.2,1,1
420273240303,T3,Ga Nội Địa T3,420321772424,420322475050,F1,10.811418132221,106.6530036143,1.2,1,1
420273240000,T3,Ga Nội Địa T3,420321772424,420322475050,F1,10.811404959223,106.65381632363,1.2,1,1
420273240606,T3,Ga Nội Địa T3,420321772424,420322475050,F1,10.811482141217,106.65401999738,1.2,1,1
420273240404,T3,Ga Nội Địa T3,420321772424,420322475050,F1,10.811810828912,106.65406234426,1.2,1,1
420273241010,T3,Ga Nội Địa T3,420321772424,420322475050,F1,10.811752209144,106.65391281111,1.2,1,1
420273241111,T3,Ga Nội Địa T3,420321772424,420322475050,F1,10.811683050977,106.6537035988,1.2,1,1
420273240808,T3,Ga Nội Địa T3,420321772424,420322475050,F1,10.811661315549,106.65455318851,1.2,1,1
420273240909,T3,Ga Nội Địa T3,420321772424,420322475050,F1,10.811766040776,106.65483683212,1.2,1,1
420273241414,T3,Ga Nội Địa T3,420321772424,420322475050,F1,10.811870107318,106.65512248738,1.2,1,1
420273238686,T3,Ga Nội Địa T3,420321772424,420322475050,F1,10.81219719264,106.65509982366,1.2,1,1
420273238787,T3,Ga Nội Địa T3,420321772424,420322475050,F1,10.812155039154,106.65497510093,1.2,1,1
420273238484,T3,Ga Nội Địa T3,420321772424,420322475050,F1,10.812052948657,106.65470017451,1.2,1,1
420273238585,T3,Ga Nội Địa T3,420321772424,420322475050,F1,10.811937685151,106.6543856855,1.2,1,1
420273239191,T3,Ga Nội Địa T3,420321772424,420322475050,F1,10.811599593386,106.65349584269,1.2,1,1
420273236060,T3,Ga Nội Địa T3,420321772424,420322475151,F2 - Arrival,10.811863785848,106.65434460599,1.2,1,1
420273236161,T3,Ga Nội Địa T3,420321772424,420322475151,F2 - Arrival,10.811822949613,106.65423782154,1.2,1,1
420273233737,T3,Ga Nội Địa T3,420321772424,420322475050,F1,10.811350696148,106.65367787489,1.2,1,1
420273235050,T3,Ga Nội Địa T3,420321772424,420322475050,F1,10.811448834986,106.65308913001,1.2,1,1
420273232323,T3,Ga Nội Địa T3,420321772424,420322475050,F1,10.811585828939,106.65432377861,1.2,1,1
420273232525,T3,Ga Nội Địa T3,420321772424,420322475050,F1,10.81186871877,106.65421213166,1.2,1,1
420273244242,T3,Ga Nội Địa T3,420321772424,420322475151,F2 - Arrival,10.81169575202,106.65428778272,1.2,4,1
420273244343,T3,Ga Nội Địa T3,420321772424,420322475151,F2 - Arrival,10.811732330242,106.65439409978,1.2,4,1
420273205353,T3,Ga Nội Địa T3,420321772424,420322472222,F4,10.811258643811,106.65140677412,1.2,1,1
420273205858,T3,Ga Nội Địa T3,420321772424,420322472222,F4,10.811276427366,106.65145170112,1.2,1,1
420273205959,T3,Ga Nội Địa T3,420321772424,420322472222,F4,10.811373907578,106.65171489288,1.2,1,1
420273205656,T3,Ga Nội Địa T3,420321772424,420322472222,F4,10.811513287115,106.65208931638,1.2,1,1
420273205757,T3,Ga Nội Địa T3,420321772424,420322472222,F4,10.811572565578,106.65225494278,1.2,1,1
420273206262,T3,Ga Nội Địa T3,420321772424,420322472222,F4,10.811530412005,106.65213558448,1.2,1,1
420273206060,T3,Ga Nội Địa T3,420321772424,420322472222,F4,10.811547536896,106.65218051148,1.2,1,1
420273203434,T3,Ga Nội Địa T3,420321772424,420322472222,F4,10.811633819979,106.65241151673,1.2,1,1
420273203535,T3,Ga Nội Địa T3,420321772424,420322472222,F4,10.811776746868,106.65279171986,1.2,1,1
420273203232,T3,Ga Nội Địa T3,420321772424,420322472222,F4,10.811883447999,106.65308542175,1.2,1,1
420273203838,T3,Ga Nội Địa T3,420321772424,420322472222,F4,10.8119117699,106.65316857022,1.2,1,1
420273203939,T3,Ga Nội Địa T3,420321772424,420322472222,F4,10.812065422753,106.65356287174,1.2,1,1
420273203636,T3,Ga Nội Địa T3,420321772424,420322472222,F4,10.812222839693,106.65397727301,1.2,1,1
420273204040,T3,Ga Nội Địa T3,420321772424,420322472222,F4,10.812308463935,106.65421666018,1.2,1,1
420273204646,T3,Ga Nội Địa T3,420321772424,420322472222,F4,10.812336127147,106.65429377368,1.2,1,1
420273227474,T3,Ga Nội Địa T3,420321772424,420322472222,F4,10.812439649499,106.65456345242,1.2,1,1
420273227373,T3,Ga Nội Địa T3,420321772424,420322472222,F4,10.812512479047,106.65476471786,1.2,1,1
420273227979,T3,Ga Nội Địa T3,420321772424,420322472222,F4,10.812680434106,106.65517040197,1.2,1,1
420273227676,T3,Ga Nội Địa T3,420321772424,420322472222,F4,10.812709414577,106.65525958542,1.2,1,1
420273227777,T3,Ga Nội Địa T3,420321772424,420322472222,F4,10.812731149929,106.65533602837,1.2,1,1
420273228282,T3,Ga Nội Địa T3,420321772424,420322472222,F4,10.812810278753,106.65555338014,1.2,1,1
420273216060,T3,Ga Nội Địa T3,420321772424,420322472222,F4,10.812593443317,106.6548841659,1.2,1,1
420273216161,T3,Ga Nội Địa T3,420321772424,420322472222,F4,10.812602664378,106.6549599383,1.2,1,1
420273216666,T3,Ga Nội Địa T3,420321772424,420322472222,F4,10.812623082445,106.6550920371,1.2,1,1
420273288888,T3,Ga Nội Địa T3,420321772424,420322474848,F3 - Departure,10.811837161444,106.65423445372,1.2,1,1
420273288989,T3,Ga Nội Địa T3,420321772424,420322474848,F3 - Departure,10.811922785796,106.65444031326,1.2,1,1
420273286464,T3,Ga Nội Địa T3,420321772424,420322474848,F3 - Departure,10.811995155843,106.65476158541,1.2,1,1
420273286565,T3,Ga Nội Địa T3,420321772424,420322474848,F3 - Departure,10.812005035572,106.65464893262,1.2,1,1
420273280505,T3,Ga Nội Địa T3,420321772424,420322472222,F4,10.811896125687,106.65312053924,1.2,1,1
420273279191,SGN_CAMPUS,Khuôn Viên Sân Bay (Tổng quan),420321697474,420322445353,F1,10.813687590227,106.6626092995,6,1,1
420273278888,SGN_CAMPUS,Khuôn Viên Sân Bay (Tổng quan),420321697474,420322445353,F1,10.812886676966,106.66250737556,6,1,1
420273278989,SGN_CAMPUS,Khuôn Viên Sân Bay (Tổng quan),420321697474,420322445353,F1,10.812697465701,106.66250810707,6,1,1
420273279494,SGN_CAMPUS,Khuôn Viên Sân Bay (Tổng quan),420321697474,420322445353,F1,10.812528173498,106.66258320892,6,1,1
420273279595,SGN_CAMPUS,Khuôn Viên Sân Bay (Tổng quan),420321697474,420322445353,F1,10.812459674157,106.66303650225,6,1,1
420273279292,SGN_CAMPUS,Khuôn Viên Sân Bay (Tổng quan),420321697474,420322445353,F1,10.812295808155,106.66439482774,6,1,1
420273279393,SGN_CAMPUS,Khuôn Viên Sân Bay (Tổng quan),420321697474,420322445353,F1,10.812095579111,106.6646201333,6,1,1
420273279898,SGN_CAMPUS,Khuôn Viên Sân Bay (Tổng quan),420321697474,420322445353,F1,10.811473814387,106.6649795493,6,1,1
420273279999,SGN_CAMPUS,Khuôn Viên Sân Bay (Tổng quan),420321697474,420322445353,F1,10.808780882216,106.66460317705,6,1,1
420273279696,SGN_CAMPUS,Khuôn Viên Sân Bay (Tổng quan),420321697474,420322445353,F1,10.806529014095,106.66439807343,6,1,1
420273279797,SGN_CAMPUS,Khuôn Viên Sân Bay (Tổng quan),420321697474,420322445353,F1,10.805705424556,106.664328336,6,1,1
420273277070,SGN_CAMPUS,Khuôn Viên Sân Bay (Tổng quan),420321697474,420322445353,F1,10.805178494161,106.66429614949,6,1,1
420273277171,SGN_CAMPUS,Khuôn Viên Sân Bay (Tổng quan),420321697474,420322445353,F1,10.804633599273,106.66426201228,6,1,1
420273276868,SGN_CAMPUS,Khuôn Viên Sân Bay (Tổng quan),420321697474,420322445353,F1,10.803947826096,106.6641110456,6,1,1
420273276969,SGN_CAMPUS,Khuôn Viên Sân Bay (Tổng quan),420321697474,420322445353,F1,10.80349466336,106.66391792656,6,1,1
420273277474,SGN_CAMPUS,Khuôn Viên Sân Bay (Tổng quan),420321697474,420322445353,F1,10.802854807811,106.66362661865,6,1,1
420273277575,SGN_CAMPUS,Khuôn Viên Sân Bay (Tổng quan),420321697474,420322445353,F1,10.802742691617,106.66349011613,6,1,1
420273277272,SGN_CAMPUS,Khuôn Viên Sân Bay (Tổng quan),420321697474,420322445353,F1,10.802921849509,106.66325408174,6,1,1
420273277373,SGN_CAMPUS,Khuôn Viên Sân Bay (Tổng quan),420321697474,420322445353,F1,10.803756813023,106.66223433233,6,1,1
420273277878,SGN_CAMPUS,Khuôn Viên Sân Bay (Tổng quan),420321697474,420322445353,F1,10.804403244333,106.66132695297,6,1,1
420273277979,SGN_CAMPUS,Khuôn Viên Sân Bay (Tổng quan),420321697474,420322445353,F1,10.804812636466,106.66037455235,6,1,1
420273277676,SGN_CAMPUS,Khuôn Viên Sân Bay (Tổng quan),420321697474,420322445353,F1,10.805228912062,106.65920510922,6,1,1
420273277777,SGN_CAMPUS,Khuôn Viên Sân Bay (Tổng quan),420321697474,420322445353,F1,10.805467366301,106.65807211455,6,1,1
420273278282,SGN_CAMPUS,Khuôn Viên Sân Bay (Tổng quan),420321697474,420322445353,F1,10.805635983966,106.65696704444,6,1,1
420273278383,SGN_CAMPUS,Khuôn Viên Sân Bay (Tổng quan),420321697474,420322445353,F1,10.806263030075,106.65498757418,6,1,1
420273278080,SGN_CAMPUS,Khuôn Viên Sân Bay (Tổng quan),420321697474,420322445353,F1,10.80700248588,106.65516183087,6,1,1
420273278181,SGN_CAMPUS,Khuôn Viên Sân Bay (Tổng quan),420321697474,420322445353,F1,10.807819222634,106.6552315683,6,1,1
420273275454,SGN_CAMPUS,Khuôn Viên Sân Bay (Tổng quan),420321697474,420322445353,F1,10.808422820852,106.65527010435,6,1,1
420273275555,SGN_CAMPUS,Khuôn Viên Sân Bay (Tổng quan),420321697474,420322445353,F1,10.808794638858,106.65504788061,6,1,1
420273275252,SGN_CAMPUS,Khuôn Viên Sân Bay (Tổng quan),420321697474,420322445353,F1,10.809077022374,106.65519881583,6,1,1
420273275353,SGN_CAMPUS,Khuôn Viên Sân Bay (Tổng quan),420321697474,420322445353,F1,10.809854234286,106.6552792821,6,1,1
420273275858,SGN_CAMPUS,Khuôn Viên Sân Bay (Tổng quan),420321697474,420322445353,F1,10.810553320273,106.65533664078,6,1,1
420273275959,SGN_CAMPUS,Khuôn Viên Sân Bay (Tổng quan),420321697474,420322445353,F1,10.810851030728,106.65538760275,6,1,1
420273276262,T3,Ga Nội Địa T3,420321772424,420322474848,F3 - Departure,10.811955915868,106.65489428056,1.2,4,1
420273307676,T3,Ga Nội Địa T3,420321772424,420322475050,F1,10.811671071629,106.65428610934,1.2,4,1
420272968484,T3,Ga Nội Địa T3,420321772424,420322472222,F4,10.81246519551,106.65463694871,1.2,1,1
420273041616,T1,Ga Nội Địa T1,420321697272,420322446363,F1 - Departure,10.81292535128,106.6622719225,1.2,1,1
420273041717,T1,Ga Nội Địa T1,420321697272,420322446363,F1 - Departure,10.812937206919,106.66208953229,1.2,1,1
420273042222,T1,Ga Nội Địa T1,420321697272,420322446363,F1 - Departure,10.812941488121,106.66204494056,1.2,1,1
420273042323,T1,Ga Nội Địa T1,420321697272,420322446363,F1 - Departure,10.812917197089,106.66199055288,1.2,1,1
420273042020,T1,Ga Nội Địa T1,420321697272,420322446363,F1 - Departure,10.812712780512,106.66192887475,1.2,1,1
420273042121,T1,Ga Nội Địa T1,420321697272,420322446363,F1 - Departure,10.812737150451,106.66197380175,1.2,1,1
420273042626,T1,Ga Nội Địa T1,420321697272,420322446363,F1 - Departure,10.812693679747,106.66176928331,1.2,1,1
420273042727,T1,Ga Nội Địa T1,420321697272,420322446363,F1 - Departure,10.812725953452,106.66171765079,1.2,1,1
420273042424,T1,Ga Nội Địa T1,420321697272,420322446363,F1 - Departure,10.81269763163,106.66165126612,1.2,1,1
420273042525,T1,Ga Nội Địa T1,420321697272,420322446363,F1 - Departure,10.812701583512,106.66160298635,1.2,1,1
420273043030,T1,Ga Nội Địa T1,420321697272,420322446363,F1 - Departure,10.812754933919,106.66160700967,1.2,1,1
420273043131,T1,Ga Nội Địa T1,420321697272,420322446363,F1 - Departure,10.812831995601,106.66187187781,1.2,1,1
420273042828,T1,Ga Nội Địa T1,420321697272,420322446363,F1 - Departure,10.812924206135,106.66193289806,1.2,1,1
420273042929,T1,Ga Nội Địa T1,420321697272,420322446363,F1 - Departure,10.812812236198,106.66197983672,1.2,1,1
420273040202,T1,Ga Nội Địa T1,420321697272,420322446363,F1 - Departure,10.812714097806,106.66190607597,1.2,1,1
420273040303,T1,Ga Nội Địa T1,420321697272,420322446363,F1 - Departure,10.812944349091,106.66171698024,1.2,1,1
420273040000,T1,Ga Nội Địa T1,420321697272,420322446363,F1 - Departure,10.813014824261,106.66172368576,1.2,1,1
420273040101,T1,Ga Nội Địa T1,420321697272,420322446363,F1 - Departure,10.81305631898,106.66168479373,1.2,1,1
420273040606,T1,Ga Nội Địa T1,420321697272,420322446363,F1 - Departure,10.813110986616,106.66164053728,1.2,1,1
420273040707,T1,Ga Nội Địa T1,420321697272,420322446363,F1 - Departure,10.812964767133,106.66162645568,1.2,1,1
420273040404,T1,Ga Nội Địa T1,420321697272,420322446363,F1 - Departure,10.81325865783,106.66165360345,1.2,1,1
420273040505,T1,Ga Nội Địa T1,420321697272,420322446363,F1 - Departure,10.81339763207,106.66166768504,1.2,1,1
420273041010,T1,Ga Nội Địa T1,420321697272,420322446363,F1 - Departure,10.813549031695,106.66168109929,1.2,1,1
420273041111,T1,Ga Nội Địa T1,420321697272,420322446363,F1 - Departure,10.813668416422,106.66169249868,1.2,1,1
420273040808,T1,Ga Nội Địa T1,420321697272,420322446363,F1 - Departure,10.813705959182,106.66169652199,1.2,1,1
420273040909,T1,Ga Nội Địa T1,420321697272,420322446363,F1 - Departure,10.813663147263,106.6617427901,1.2,1,1
420273041414,T1,Ga Nội Địa T1,420321697272,420322446363,F1 - Departure,10.813630623105,106.66186258693,1.2,1,1
420273041515,T1,Ga Nội Địa T1,420321697272,420322446363,F1 - Departure,10.813320910722,106.66183387066,1.2,1,1
420273041212,T1,Ga Nội Địa T1,420321697272,420322446363,F1 - Departure,10.813761076421,106.66187008048,1.2,1,1
420273041313,T1,Ga Nội Địa T1,420321697272,420322446363,F1 - Departure,10.813735798455,106.66172296729,1.2,1,1
420273038686,T1,Ga Nội Địa T1,420321697272,420322446363,F1 - Departure,10.81389782503,106.66173704889,1.2,1,1
420273038787,T1,Ga Nội Địa T1,420321697272,420322446363,F1 - Departure,10.814001389494,106.66187719431,1.2,1,1
420273038484,T1,Ga Nội Địa T1,420321697272,420322446363,F1 - Departure,10.814077149654,106.66183453824,1.2,1,1
420273038585,T1,Ga Nội Địa T1,420321697272,420322446363,F1 - Departure,10.814085053383,106.66175541307,1.2,1,1
420273039090,T1,Ga Nội Địa T1,420321697272,420322446363,F1 - Departure,10.814087029315,106.6617326143,1.2,1,1
420273039191,T1,Ga Nội Địa T1,420321697272,420322446363,F1 - Departure,10.813986256763,106.66174468424,1.2,1,1
420273038888,T1,Ga Nội Địa T1,420321697272,420322446363,F1 - Departure,10.813897998422,106.66171450939,1.2,1,1
420273038989,T1,Ga Nội Địa T1,420321697272,420322446363,F1 - Departure,10.814112290927,106.66188738682,1.2,1,1
420273039494,T1,Ga Nội Địa T1,420321697272,420322446363,F1 - Departure,10.814107021776,106.66194840707,1.2,1,1
420273039595,T1,Ga Nội Địa T1,420321697272,420322446363,F1 - Departure,10.814096483472,106.66206374206,1.2,1,1
420273039292,T1,Ga Nội Địa T1,420321697272,420322446363,F1 - Departure,10.814092462133,106.66209938742,1.2,1,1
420273039393,T1,Ga Nội Địa T1,420321697272,420322446363,F1 - Departure,10.813984444497,106.66208932914,1.2,1,1
420273039898,T1,Ga Nội Địa T1,420321697272,420322446363,F1 - Departure,10.814101024505,106.66201020397,1.2,1,1
420273039999,T1,Ga Nội Địa T1,420321697272,420322446363,F1 - Departure,10.814079947897,106.66224623837,1.2,1,1
420273039696,T1,Ga Nội Địa T1,420321697272,420322446363,F1 - Departure,10.813853572905,106.66223593072,1.2,1,1
420273039797,T1,Ga Nội Địa T1,420321697272,420322446363,F1 - Departure,10.813937220749,106.66224397734,1.2,1,1
420273037070,T1,Ga Nội Địa T1,420321697272,420322446363,F1 - Departure,10.813620577409,106.66209176198,1.2,1,1
420273037171,T1,Ga Nội Địa T1,420321697272,420322446363,F1 - Departure,10.81422922336,106.66184901893,1.2,1,1
420273036868,T1,Ga Nội Địa T1,420321697272,420322446363,F1 - Departure,10.814180483722,106.66176385879,1.2,1,1
420273036969,T1,Ga Nội Địa T1,420321697272,420322446363,F1 - Departure,10.814286525357,106.6617511183,1.2,1,1
420273037474,T1,Ga Nội Địa T1,420321697272,420322446363,F1 - Departure,10.814270059267,106.66199874399,1.2,1,1
420273037575,T1,Ga Nội Địa T1,420321697272,420322446363,F1 - Departure,10.814500060712,106.66177094527,1.2,1,1
420273037272,T1,Ga Nội Địa T1,420321697272,420322446363,F1 - Departure,10.814596881234,106.66180380233,1.2,1,1
420273037373,T1,Ga Nội Địa T1,420321697272,420322446363,F1 - Departure,10.814632447948,106.66180581399,1.2,1,1
420273037878,T1,Ga Nội Địa T1,420321697272,420322446363,F1 - Departure,10.814634423876,106.66178301521,1.2,1,1
420273037979,T1,Ga Nội Địa T1,420321697272,420322446363,F1 - Departure,10.814662086873,106.66179776736,1.2,1,1
420273037676,T1,Ga Nội Địa T1,420321697272,420322446363,F1 - Departure,10.814742441279,106.66180648454,1.2,1,1
420273037777,T1,Ga Nội Địa T1,420321697272,420322446363,F1 - Departure,10.814492710073,106.66186951645,1.2,1,1
420273038282,T1,Ga Nội Địa T1,420321697272,420322446363,F1 - Departure,10.814594954015,106.66183129497,1.2,1,1
420273038383,T1,Ga Nội Địa T1,420321697272,420322446363,F1 - Departure,10.814589026229,106.66187689253,1.2,1,1
420273038080,T1,Ga Nội Địa T1,420321697272,420322446363,F1 - Departure,10.814483102904,106.662275934,1.2,1,1
420273038181,T1,Ga Nội Địa T1,420321697272,420322446363,F1 - Departure,10.814574654287,106.6623067794,1.2,1,1
420273009898,T1,Ga Nội Địa T1,420321697272,420322446363,F1 - Departure,10.814684647639,106.66214450576,1.2,1,1
420273009999,T1,Ga Nội Địa T1,420321697272,420322446363,F1 - Departure,10.814291698302,106.66201886576,1.2,1,1
420273009696,T1,Ga Nội Địa T1,420321697272,420322446363,F1 - Departure,10.814335827418,106.66206982774,1.2,1,1
420273009797,T1,Ga Nội Địa T1,420321697272,420322446363,F1 - Departure,10.814324630479,106.66218382162,1.2,1,1
420273010202,T1,Ga Nội Địa T1,420321697272,420322446363,F1 - Departure,10.814273914926,106.66218113941,1.2,1,1
420273010303,T1,Ga Nội Địa T1,420321697272,420322446363,F1 - Departure,10.814081165467,106.66178684541,1.2,1,1
420273010000,T1,Ga Nội Địa T1,420321697272,420322446262,F0 - Arrival|Checkin,10.812611718523,106.66198862153,1.2,1,1
420273010101,T1,Ga Nội Địa T1,420321697272,420322446262,F0 - Arrival|Checkin,10.81261237717,106.66222331482,1.2,1,1
420273010606,T1,Ga Nội Địa T1,420321697272,420322446262,F0 - Arrival|Checkin,10.81281409529,106.66225719444,1.2,1,1
420273010707,T1,Ga Nội Địa T1,420321697272,420322446262,F0 - Arrival|Checkin,10.812823974992,106.66214588277,1.2,1,1
420273010404,T1,Ga Nội Địa T1,420321697272,420322446262,F0 - Arrival|Checkin,10.812917965879,106.66215634193,1.2,1,1
420273010505,T1,Ga Nội Địa T1,420321697272,420322446262,F0 - Arrival|Checkin,10.813128440835,106.66213287261,1.2,1,1
420273011010,T1,Ga Nội Địa T1,420321697272,420322446262,F0 - Arrival|Checkin,10.813243703884,106.66214494255,1.2,1,1
420273011111,T1,Ga Nội Địa T1,420321697272,420322446262,F0 - Arrival|Checkin,10.813297712841,106.66214896586,1.2,1,1
420273010808,T1,Ga Nội Địa T1,420321697272,420322446262,F0 - Arrival|Checkin,10.813308857538,106.66227434419,1.2,1,1
420273010909,T1,Ga Nội Địa T1,420321697272,420322446262,F0 - Arrival|Checkin,10.813329275554,106.66227568529,1.2,1,1
420273008282,T1,Ga Nội Địa T1,420321697272,420322446262,F0 - Arrival|Checkin,10.813439269363,106.66211207054,1.2,1,1
420273008080,T1,Ga Nội Địa T1,420321697272,420322446262,F0 - Arrival|Checkin,10.813565247865,106.66218247853,1.2,1,1
420273008181,T1,Ga Nội Địa T1,420321697272,420322446262,F0 - Arrival|Checkin,10.813322866348,106.66249763809,1.2,1,1
420273008686,T1,Ga Nội Địa T1,420321697272,420322446262,F0 - Arrival|Checkin,10.813596912474,106.66236711642,1.2,1,1
420273008787,T1,Ga Nội Địa T1,420321697272,420322446262,F0 - Arrival|Checkin,10.813591643313,106.6624348422,1.2,1,1
420273008484,T1,Ga Nội Địa T1,420321697272,420322446262,F0 - Arrival|Checkin,10.813622599632,106.66243752441,1.2,1,1
420273008585,T1,Ga Nội Địa T1,420321697272,420322446262,F0 - Arrival|Checkin,10.813680560389,106.66223233542,1.2,1,1
420273009090,T1,Ga Nội Địa T1,420321697272,420322446262,F0 - Arrival|Checkin,10.814126197076,106.66245738438,1.2,1,1
420273009191,T1,Ga Nội Địa T1,420321697272,420322446262,F0 - Arrival|Checkin,10.814346516648,106.66241044573,1.2,1,1
420273008888,T1,Ga Nội Địa T1,420321697272,420322446262,F0 - Arrival|Checkin,10.814436090965,106.6622190837,1.2,1,1
420273008989,T1,Ga Nội Địa T1,420321697272,420322446262,F0 - Arrival|Checkin,10.814391961864,106.66237733403,1.2,1,1
420273009494,T1,Ga Nội Địa T1,420321697272,420322446262,F0 - Arrival|Checkin,10.814563867728,106.66248194018,1.2,1,1
420273009595,T1,Ga Nội Địa T1,420321697272,420322446262,F0 - Arrival|Checkin,10.814732499799,106.66234984139,1.2,1,1
420273009292,T1,Ga Nội Địa T1,420321697272,420322446262,F0 - Arrival|Checkin,10.814692269926,106.66246651748,1.2,1,1
420273009393,T1,Ga Nội Địa T1,420321697272,420322446262,F0 - Arrival|Checkin,10.814719932918,106.66246785859,1.2,1,1
420273006666,T1,Ga Nội Địa T1,420321697272,420322446262,F0 - Arrival|Checkin,10.814815063173,106.66235520581,1.2,1,1
420273006767,T1,Ga Nội Địa T1,420321697272,420322446262,F0 - Arrival|Checkin,10.815008199211,106.66227542595,1.2,1,1
420273006464,T1,Ga Nội Địa T1,420321697272,420322446262,F0 - Arrival|Checkin,10.815122689604,106.66216210262,1.2,1,1
420273006565,T1,Ga Nội Địa T1,420321697272,420322446262,F0 - Arrival|Checkin,10.815176698222,106.66216545538,1.2,1,1
420273007070,T1,Ga Nội Địa T1,420321697272,420322446262,F0 - Arrival|Checkin,10.815181967355,106.66210577623,1.2,1,1
420273007171,T1,Ga Nội Địa T1,420321697272,420322446262,F0 - Arrival|Checkin,10.814770138816,106.66206487254,1.2,1,1
420273006868,T1,Ga Nội Địa T1,420321697272,420322446262,F0 - Arrival|Checkin,10.814690374003,106.66194075007,1.2,1,1
420273006969,T1,Ga Nội Địa T1,420321697272,420322446262,F0 - Arrival|Checkin,10.814104527776,106.66208402453,1.2,1,1
420273007474,T1,Ga Nội Địa T1,420321697272,420322446262,F0 - Arrival|Checkin,10.814163147085,106.6620887184,1.2,1,1
420273007575,T1,Ga Nội Địa T1,420321697272,420322446262,F0 - Arrival|Checkin,10.813896976367,106.66187451877,1.2,1,1
420273007272,T1,Ga Nội Địa T1,420321697272,420322446262,F0 - Arrival|Checkin,10.8139048801,106.66177125372,1.2,1,1
420273007373,T1,Ga Nội Địa T1,420321697272,420322446262,F0 - Arrival|Checkin,10.813952961139,106.66177594759,1.2,1,1
420273007878,T1,Ga Nội Địa T1,420321697272,420322446262,F0 - Arrival|Checkin,10.81365352101,106.66190920879,1.2,1,1
420273007979,T1,Ga Nội Địa T1,420321697272,420322446262,F0 - Arrival|Checkin,10.81303680843,106.6618704624,1.2,1,1
420273007676,T1,Ga Nội Địa T1,420321697272,420322446262,F0 - Arrival|Checkin,10.813032856552,106.66191136609,1.2,1,1
420273007777,T1,Ga Nội Địa T1,420321697272,420322446262,F0 - Arrival|Checkin,10.814116227291,106.66257411065,1.2,1,1
420273005050,T1,Ga Nội Địa T1,420321697272,420322446262,F0 - Arrival|Checkin,10.81432851973,106.66259383701,1.2,1,1
420273005151,T1,Ga Nội Địa T1,420321697272,420322446262,F0 - Arrival|Checkin,10.813753523415,106.66253818117,1.2,1,1
420273142020,T3,Ga Nội Địa T3,420321772424,420322474848,F3 - Departure,10.812036583895,106.6548647391,1.2,1,1
420273142121,T3,Ga Nội Địa T3,420321772424,420322474848,F3 - Departure,10.811974670928,106.65529992751,1.2,1,1
420273139494,T3,Ga Nội Địa T3,420321772424,420322474848,F3 - Departure,10.811937127952,106.65519062749,1.2,1,1
420273139595,T3,Ga Nội Địa T3,420321772424,420322474848,F3 - Departure,10.811853479551,106.65493648819,1.2,1,1
420273139292,T3,Ga Nội Địa T3,420321772424,420322474848,F3 - Departure,10.811819229805,106.6548335969,1.2,1,1
420273139393,T3,Ga Nội Địa T3,420321772424,420322474848,F3 - Departure,10.811914075246,106.65479135211,1.2,1,1
420273139898,T3,Ga Nội Địa T3,420321772424,420322474848,F3 - Departure,10.811848472432,106.65460987124,1.2,1,1
420273139999,T3,Ga Nội Địa T3,420321772424,420322474848,F3 - Departure,10.811742429936,106.65465144548,1.2,1,1
420273139696,T3,Ga Nội Địa T3,420321772424,420322474848,F3 - Departure,10.811724646408,106.65460785958,1.2,1,1
420273139797,T3,Ga Nội Địa T3,420321772424,420322474848,F3 - Departure,10.811624197468,106.65432135862,1.2,1,1
420273140202,T3,Ga Nội Địa T3,420321772424,420322474848,F3 - Departure,10.811724312163,106.65427710217,1.2,1,1
420273140303,T3,Ga Nội Địa T3,420321772424,420322474848,F3 - Departure,10.811582702551,106.65421608192,1.2,1,1
420273140000,T3,Ga Nội Địa T3,420321772424,420322474848,F3 - Departure,10.811685451858,106.65417651933,1.2,1,1
420273140101,T3,Ga Nội Địa T3,420321772424,420322474848,F3 - Departure,10.811804667356,106.65412958067,1.2,1,1
420273140606,T3,Ga Nội Địa T3,420321772424,420322474848,F3 - Departure,10.811620635667,106.65400135553,1.2,1,1
420273140707,T3,Ga Nội Địa T3,420321772424,420322474848,F3 - Departure,10.811518544988,106.65403890645,1.2,1,1
420273140404,T3,Ga Nội Địa T3,420321772424,420322474848,F3 - Departure,10.811407967708,106.65375236162,1.2,1,1
420273140505,T3,Ga Nội Địa T3,420321772424,420322474848,F3 - Departure,10.811477784589,106.65372285732,1.2,1,1
420273112222,T3,Ga Nội Địa T3,420321772424,420322474848,F3 - Departure,10.811297314504,106.65344457814,1.2,1,1
420273112323,T3,Ga Nội Địa T3,420321772424,420322474848,F3 - Departure,10.811395453359,106.65340702721,1.2,1,1
420273112020,T3,Ga Nội Địa T3,420321772424,420322474848,F3 - Departure,10.811334829651,106.65325408447,1.2,1,1
420273112121,T3,Ga Nội Địa T3,420321772424,420322474848,F3 - Departure,10.811241301328,106.65329431761,1.2,1,1
420273112626,T3,Ga Nội Địa T3,420321772424,420322474848,F3 - Departure,10.811299921196,106.65314813722,1.2,1,1
420273112727,T3,Ga Nội Địa T3,420321772424,420322474848,F3 - Departure,10.81120309961,106.65318434704,1.2,1,1
420273112424,T3,Ga Nội Địa T3,420321772424,420322474848,F3 - Departure,10.81120309961,106.65288259852,1.2,1,1
420273112525,T3,Ga Nội Địa T3,420321772424,420322474848,F3 - Departure,10.811099032837,106.65292484332,1.2,1,1
420273113030,T3,Ga Nội Địa T3,420321772424,420322474848,F3 - Departure,10.811081249271,106.65287321079,1.2,1,1
420273113131,T3,Ga Nội Địa T3,420321772424,420322474848,F3 - Departure,10.811045023485,106.65277665127,1.2,1,1
420273112828,T3,Ga Nội Địa T3,420321772424,420322474848,F3 - Departure,10.811144479724,106.65273306537,1.2,1,1
420273112929,T3,Ga Nội Địa T3,420321772424,420322474848,F3 - Departure,10.810944249912,106.65250574816,1.2,1,1
420273113434,T3,Ga Nội Địa T3,420321772424,420322474848,F3 - Departure,10.810911976015,106.65243399907,1.2,1,1
420273113535,T3,Ga Nội Địa T3,420321772424,420322474848,F3 - Departure,10.810883654021,106.65236090887,1.2,1,1
420273113232,T3,Ga Nội Địa T3,420321772424,420322474848,F3 - Departure,10.811266988687,106.65268746782,1.2,1,1
420273113333,T3,Ga Nội Địa T3,420321772424,420322474848,F3 - Departure,10.811229471381,106.65259423483,1.2,1,1
420273110606,T3,Ga Nội Địa T3,420321772424,420322474848,F3 - Departure,10.811149222687,106.65237842559,1.2,1,1
420273110707,T3,Ga Nội Địa T3,420321772424,420322474848,F3 - Departure,10.811106410404,106.65224431513,1.2,1,1
420273110404,T3,Ga Nội Địa T3,420321772424,420322474848,F3 - Departure,10.811078088428,106.65216854273,1.2,1,1
420273110505,T3,Ga Nội Địa T3,420321772424,420322474848,F3 - Departure,10.811190733643,106.65220609366,1.2,1,1
420273111010,T3,Ga Nội Địa T3,420321772424,420322474848,F3 - Departure,10.811284920632,106.65216231628,1.2,1,1
420273111111,T3,Ga Nội Địa T3,420321772424,420322474848,F3 - Departure,10.811340045095,106.65230342591,1.2,1,1
420273110808,T3,Ga Nội Địa T3,420321772424,420322474848,F3 - Departure,10.811383515995,106.65242144311,1.2,1,1
420273110909,T3,Ga Nội Địa T3,420321772424,420322474848,F3 - Departure,10.811426328239,106.65252739037,1.2,1,1
420273111414,T3,Ga Nội Địa T3,420321772424,420322474848,F3 - Departure,10.811462553979,106.65261925602,1.2,1,1
420273111515,T3,Ga Nội Địa T3,420321772424,420322474848,F3 - Departure,10.811516563256,106.65276543642,1.2,1,1
420273111212,T3,Ga Nội Địa T3,420321772424,420322474848,F3 - Departure,10.811376270845,106.65301354075,1.2,1,1
420273111313,T3,Ga Nội Địa T3,420321772424,420322474848,F3 - Departure,10.811544808237,106.65285071561,1.2,1,1
420273111818,T3,Ga Nội Địa T3,420321772424,420322474848,F3 - Departure,10.811573788818,106.65293319354,1.2,1,1
420273111919,T3,Ga Nội Địa T3,420321772424,420322474848,F3 - Departure,10.811606062644,106.65301634202,1.2,1,1
420273111616,T3,Ga Nội Địa T3,420321772424,420322474848,F3 - Departure,10.811638995115,106.65310753713,1.2,1,1
420273111717,T3,Ga Nội Địa T3,420321772424,420322474848,F3 - Departure,10.811671268934,106.65320409665,1.2,1,1
420273109090,T3,Ga Nội Địa T3,420321772424,420322474848,F3 - Departure,10.811410464902,106.65309881995,1.2,1,1
420273109191,T3,Ga Nội Địa T3,420321772424,420322474848,F3 - Departure,10.811452618492,106.65320946107,1.2,1,1
420273108888,T3,Ga Nội Địa T3,420321772424,420322474848,F3 - Departure,10.811502017223,106.65333887765,1.2,1,1
420273108989,T3,Ga Nội Địa T3,420321772424,420322474848,F3 - Departure,10.811604766557,106.65330467949,1.2,1,1
420273109494,T3,Ga Nội Địa T3,420321772424,420322474848,F3 - Departure,10.811791164299,106.65323476621,1.2,1,1
420273109595,T3,Ga Nội Địa T3,420321772424,420322474848,F3 - Departure,10.811855053249,106.65320794412,1.2,1,1
420273109292,T3,Ga Nội Địa T3,420321772424,420322474848,F3 - Departure,10.811542195706,106.65344800084,1.2,1,1
420273109393,T3,Ga Nội Địa T3,420321772424,420322474848,F3 - Departure,10.811617940401,106.65366660088,1.2,1,1
420273109898,T3,Ga Nội Địa T3,420321772424,420322474848,F3 - Departure,10.811734961878,106.6536212298,1.2,1,1
420273109999,T3,Ga Nội Địa T3,420321772424,420322474848,F3 - Departure,10.812150569223,106.65346096781,1.2,1,1
420273109696,T3,Ga Nội Địa T3,420321772424,420322474848,F3 - Departure,10.81174425475,106.65398544454,1.2,1,1
420273109797,T3,Ga Nội Địa T3,420321772424,420322474848,F3 - Departure,10.811847662651,106.65394923473,1.2,1,1
420273110202,T3,Ga Nội Địa T3,420321772424,420322474848,F3 - Departure,10.811979895417,106.65389693165,1.2,1,1
420273110303,T3,Ga Nội Địa T3,420321772424,420322474848,F3 - Departure,10.812098452149,106.6538513341,1.2,1,1
420273110000,T3,Ga Nội Địa T3,420321772424,420322474848,F3 - Departure,10.8121182116,106.6538962611,1.2,1,1
420273110101,T3,Ga Nội Địa T3,420321772424,420322474848,F3 - Departure,10.812092558264,106.65501865578,1.2,1,1
420273107474,T3,Ga Nội Địa T3,420321772424,420322474848,F3 - Departure,10.812122197441,106.65509979261,1.2,1,1
420273107575,T3,Ga Nội Địa T3,420321772424,420322474848,F3 - Departure,10.812183451729,106.65498445762,1.2,1,1
420273107272,T3,Ga Nội Địa T3,420321772424,420322474848,F3 - Departure,10.812041842333,106.65474305881,1.2,1,1
420273107373,T3,Ga Nội Địa T3,420321772424,420322474848,F3 - Departure,10.812215725489,106.65507229996,1.2,1,1
420273107878,T3,Ga Nội Địa T3,420321772424,420322474848,F3 - Departure,10.812645951135,106.65491002632,1.2,1,1
420273107979,T3,Ga Nội Địa T3,420321772424,420322474848,F3 - Departure,10.812157210069,106.65491609922,1.2,1,1
420273107676,T3,Ga Nội Địa T3,420321772424,420322474848,F3 - Departure,10.812297386345,106.65485507896,1.2,1,1
420273107777,T3,Ga Nội Địa T3,420321772424,420322474848,F3 - Departure,10.81227301637,106.65478064766,1.2,1,1
420273108282,T3,Ga Nội Địa T3,420321772424,420322474848,F3 - Departure,10.812245230583,106.65470340937,1.2,1,1
420273108383,T3,Ga Nội Địa T3,420321772424,420322474848,F3 - Departure,10.812214932771,106.65462830751,1.2,1,1
420273108080,T3,Ga Nội Địa T3,420321772424,420322474848,F3 - Departure,10.8121866109,106.65455655842,1.2,1,1
420273108181,T3,Ga Nội Địa T3,420321772424,420322474848,F3 - Departure,10.812131943095,106.65441560339,1.2,1,1
420273108686,T3,Ga Nội Địa T3,420321772424,420322474848,F3 - Departure,10.81210230392,106.6543451954,1.2,1,1
420273108787,T3,Ga Nội Địa T3,420321772424,420322474848,F3 - Departure,10.812075299335,106.65427612852,1.2,1,1
420273108484,T3,Ga Nội Địa T3,420321772424,420322474848,F3 - Departure,10.812045001506,106.65420773219,1.2,1,1
420273108585,T3,Ga Nội Địa T3,420321772424,420322474848,F3 - Departure,10.812021290159,106.6541371261,1.2,1,1
420273105858,T3,Ga Nội Địa T3,420321772424,420322474848,F3 - Departure,10.811994944215,106.65406671811,1.2,1,1
420273105959,T3,Ga Nội Địa T3,420321772424,420322474848,F3 - Departure,10.811965305026,106.65399094571,1.2,1,1
420273105656,T3,Ga Nội Địa T3,420321772424,420322474848,F3 - Departure,10.81177496681,106.65405263651,1.2,1,1
420273105757,T3,Ga Nội Địa T3,420321772424,420322474848,F3 - Departure,10.8121536898,106.65447441388,1.2,1,1
420273106262,T3,Ga Nội Địa T3,420321772424,420322474848,F3 - Departure,10.812214285434,106.65445228566,1.2,1,1
420273106363,T3,Ga Nội Địa T3,420321772424,420322474848,F3 - Departure,10.812270034279,106.65443076481,1.2,1,1
420273106060,T3,Ga Nội Địa T3,420321772424,420322474848,F3 - Departure,10.812356317156,106.65441333045,1.2,1,1
420273106161,T3,Ga Nội Địa T3,420321772424,420322474848,F3 - Departure,10.812379369828,106.65440528382,1.2,1,1
420273106666,T3,Ga Nội Địa T3,420321772424,420322474848,F3 - Departure,10.812402422499,106.65439723719,1.2,1,1
420273106767,T3,Ga Nội Địa T3,420321772424,420322474848,F3 - Departure,10.812036872794,106.65314464558,1.2,1,1
420273106464,T3,Ga Nội Địa T3,420321772424,420322474848,F3 - Departure,10.812118545199,106.65311514128,1.2,1,1
420273106565,T3,Ga Nội Địa T3,420321772424,420322474848,F3 - Departure,10.811942027393,106.65321438302,1.2,1,1
420273107070,T3,Ga Nội Địa T3,420321772424,420322474848,F3 - Departure,10.812048728467,106.6531781732,1.2,1,1
420273107171,T3,Ga Nội Địa T3,420321772424,420322474848,F3 - Departure,10.812009209555,106.65307289649,1.2,1,1
420273106868,T3,Ga Nội Địa T3,420321772424,420322474848,F3 - Departure,10.81190580171,106.65310910631,1.2,1,1
420273106969,T3,Ga Nội Địa T3,420321772424,420322474848,F3 - Departure,10.811895263329,106.65308429588,1.2,1,1
420273104242,T3,Ga Nội Địa T3,420321772424,420322474848,F3 - Departure,10.811884066299,106.65305345048,1.2,1,1
420273104343,T3,Ga Nội Địa T3,420321772424,420322474848,F3 - Departure,10.811959152259,106.6529407977,1.2,1,1
420273104040,T3,Ga Nội Địa T3,420321772424,420322474848,F3 - Departure,10.811924243876,106.65283619155,1.2,1,1
420273104141,T3,Ga Nội Địa T3,420321772424,420322474848,F3 - Departure,10.811880114406,106.6527329265,1.2,1,1
420273104646,T3,Ga Nội Địa T3,420321772424,420322474848,F3 - Departure,10.81196837334,106.65270141054,1.2,1,1
420273104747,T3,Ga Nội Địa T3,420321772424,420322474848,F3 - Departure,10.81185376845,106.65266870398,1.2,1,1
420273104444,T3,Ga Nội Địa T3,420321772424,420322474848,F3 - Departure,10.811810297618,106.65255068679,1.2,1,1
420273104545,T3,Ga Nội Địa T3,420321772424,420322474848,F3 - Departure,10.811803052479,106.65252788801,1.2,1,1
420273105050,T3,Ga Nội Địa T3,420321772424,420322474848,F3 - Departure,10.811793831392,106.65250307758,1.2,1,1
420273105151,T3,Ga Nội Địa T3,420321772424,420322474848,F3 - Departure,10.811731435412,106.65234125073,1.2,1,1
420273104848,T3,Ga Nội Địa T3,420321772424,420322474848,F3 - Departure,10.811668536969,106.65218299518,1.2,1,1
420273104949,T3,Ga Nội Địa T3,420321772424,420322474848,F3 - Departure,10.811594109586,106.6522165228,1.2,1,1
420273105454,T3,Ga Nội Địa T3,420321772424,420322474848,F3 - Departure,10.811650094787,106.65213739763,1.2,1,1
420273105555,T3,Ga Nội Địa T3,420321772424,420322474848,F3 - Departure,10.811687637799,106.65212264548,1.2,1,1
420273105252,T3,Ga Nội Địa T3,420321772424,420322474848,F3 - Departure,10.811576984699,106.65216824304,1.2,1,1
420273105353,T3,Ga Nội Địa T3,420321772424,420322474848,F3 - Departure,10.811551425338,106.6521054234,1.2,1,1
420273102525,T3,Ga Nội Địa T3,420321772424,420322474848,F3 - Departure,10.81149148822,106.65212486942,1.2,1,1
420273102828,T3,Ga Nội Địa T3,420321772424,420322474848,F3 - Departure,10.811449993285,106.65214029212,1.2,1,1
420273102929,T3,Ga Nội Địa T3,420321772424,420322474848,F3 - Departure,10.811407181044,106.65215571482,1.2,1,1
420273103434,T3,Ga Nội Địa T3,420321772424,420322474848,F3 - Departure,10.811393729642,106.65212458599,1.2,1,1
420273103535,T3,Ga Nội Địa T3,420321772424,420322474848,F3 - Departure,10.811507676059,106.65197840559,1.2,1,1
420273103232,T3,Ga Nội Địa T3,420321772424,420322474848,F3 - Departure,10.811448397581,106.6518168025,1.2,1,1
420273103333,T3,Ga Nội Địa T3,420321772424,420322474848,F3 - Departure,10.811418099689,106.65174438286,1.2,1,1
420273103838,T3,Ga Nội Địa T3,420321772424,420322474848,F3 - Departure,10.811387474691,106.65166878149,1.2,1,1
420273103939,T3,Ga Nội Địa T3,420321772424,420322474848,F3 - Departure,10.811298881129,106.65142198691,1.2,1,1
420273103636,T3,Ga Nội Địa T3,420321772424,420322474848,F3 - Departure,10.811315347382,106.65141528139,1.2,1,1
420273103737,T3,Ga Nội Địa T3,420321772424,420322474848,F3 - Departure,10.811325227133,106.65141192862,1.2,1,1
420273101010,T3,Ga Nội Địa T3,420321772424,420322474848,F3 - Departure,10.811297563828,106.65134286174,1.2,1,1
420273101414,T3,Ga Nội Địa T3,420321772424,420322474848,F3 - Departure,10.811707902586,106.65211533794,1.2,1,1
420273101515,T3,Ga Nội Địa T3,420321772424,420322474848,F3 - Departure,10.812187519579,106.65356065328,1.2,1,1
420273101212,T3,Ga Nội Địa T3,420321772424,420322474848,F3 - Departure,10.8122776337,106.65352444346,1.2,1,1
420273101313,T3,Ga Nội Địa T3,420321772424,420322474848,F3 - Departure,10.812263802091,106.65378056113,1.2,1,1
420273101919,T3,Ga Nội Địa T3,420321772424,420322474848,F3 - Departure,10.812344157139,106.65396831576,1.2,1,1
420273101616,T3,Ga Nội Địa T3,420321772424,420322474848,F3 - Departure,10.812429781347,106.65393814091,1.2,1,1
420273101717,T3,Ga Nội Địa T3,420321772424,420322474848,F3 - Departure,10.812377748177,106.65406018142,1.2,1,1
420273102222,T3,Ga Nội Địa T3,420321772424,420322474848,F3 - Departure,10.812392897076,106.65411114339,1.2,1,1
420273102323,T3,Ga Nội Địa T3,420321772424,420322474848,F3 - Departure,10.812413973803,106.65410242621,1.2,1,1
420273102020,T3,Ga Nội Địa T3,420321772424,420322474848,F3 - Departure,10.812438343766,106.65409370903,1.2,1,1
420273102121,T3,Ga Nội Địa T3,420321772424,420322474848,F3 - Departure,10.812402776792,106.65413394216,1.2,1,1
420273125050,T3,Ga Nội Địa T3,420321772424,420322474848,F3 - Departure,10.812411339212,106.65415539984,1.2,1,1
420273125151,T3,Ga Nội Địa T3,420321772424,420322474848,F3 - Departure,10.812508553863,106.65440015141,1.2,1,1
420273124848,T3,Ga Nội Địa T3,420321772424,420322474848,F3 - Departure,10.812541486235,106.65447927657,1.2,1,1
420273124949,T3,Ga Nội Địa T3,420321772424,420322474848,F3 - Departure,10.812621841209,106.65445379559,1.2,1,1
420273125454,T3,Ga Nội Địa T3,420321772424,420322474848,F3 - Departure,10.812602081791,106.65466166679,1.2,1,1
420273125555,T3,Ga Nội Địa T3,420321772424,420322474848,F3 - Departure,10.812722614218,106.65488496069,1.2,1,1
420273125252,T3,Ga Nội Địa T3,420321772424,420322474848,F3 - Departure,10.812775964622,106.65486484412,1.2,1,1
420273125353,T3,Ga Nội Địa T3,420321772424,420322474848,F3 - Departure,10.812680460807,106.65501437727,1.2,1,1
420273125858,T3,Ga Nội Địa T3,420321772424,420322474848,F3 - Departure,10.812594836671,106.65504455212,1.2,1,1
420273125959,T3,Ga Nội Địa T3,420321772424,420322474848,F3 - Departure,10.812706148043,106.65507673863,1.2,1,1
420273125656,T3,Ga Nội Địa T3,420321772424,420322474848,F3 - Departure,10.812778599209,106.6550519282,1.2,1,1
420273125757,T3,Ga Nội Địa T3,420321772424,420322474848,F3 - Departure,10.812730517983,106.65514513496,1.2,1,1
420273126262,T3,Ga Nội Địa T3,420321772424,420322474848,F3 - Departure,10.812638307389,106.65517732147,1.2,1,1
420273126363,T3,Ga Nội Địa T3,420321772424,420322474848,F3 - Departure,10.812656090863,106.65522828344,1.2,1,1
420273126060,T3,Ga Nội Địa T3,420321772424,420322474848,F3 - Departure,10.812762791684,106.65522560123,1.2,1,1
420273126161,T3,Ga Nội Địa T3,420321772424,420322474848,F3 - Departure,10.812775305975,106.6553791577,1.2,1,1
420273123434,T3,Ga Nội Địa T3,420321772424,420322474848,F3 - Departure,10.812810872905,106.65549516324,1.2,1,1
420273123535,T3,Ga Nội Địa T3,420321772424,420322474848,F3 - Departure,10.812837218777,106.65557227675,1.2,1,1
420273123232,T3,Ga Nội Địa T3,420321772424,420322474848,F3 - Departure,10.812865540586,106.65565810744,1.2,1,1
420273123333,T3,Ga Nội Địa T3,420321772424,420322474848,F3 - Departure,10.812897814273,106.65573991481,1.2,1,1
420273123838,T3,Ga Nội Địa T3,420321772424,420322474848,F3 - Departure,10.812938650361,106.6558244044,1.2,1,1
420273123939,T3,Ga Nội Địa T3,420321772424,420322474848,F3 - Departure,10.813027413953,106.65606653524,1.2,1,1
420273123636,T3,Ga Nội Địa T3,420321772424,420322474848,F3 - Departure,10.813049807927,106.65605848861,1.2,1,1
420273123737,T3,Ga Nội Địa T3,420321772424,420322474848,F3 - Departure,10.813068250023,106.65610408616,1.2,1,1
420273124242,T3,Ga Nội Địa T3,420321772424,420322474848,F3 - Departure,10.813085374825,106.65614767206,1.2,1,1
420273124343,T3,Ga Nội Địa T3,420321772424,420322474848,F3 - Departure,10.812799522231,106.65504528415,1.2,1,1
420273120000,T3,Ga Nội Địa T3,420321772424,420322474848,F3 - Departure,10.811957811148,106.65454340877,1.2,1,1
420273120101,T3,Ga Nội Địa T3,420321772424,420322474848,F3 - Departure,10.811688342466,106.65386874576,1.2,1,1
420273120606,T3,Ga Nội Địa T3,420321772424,420322474848,F3 - Departure,10.811660679195,106.65379230281,1.2,1,1
420273120707,T3,Ga Nội Địa T3,420321772424,420322474848,F3 - Departure,10.811344963736,106.65290851494,1.2,1,1
420273120404,T3,Ga Nội Địa T3,420321772424,420322474848,F3 - Departure,10.81189317657,106.65356276163,1.2,1,1
420273121010,T3,Ga Nội Địa T3,420321772424,420322475151,F2 - Arrival,10.811659650574,106.65441882741,1.2,1,1
420273121111,T3,Ga Nội Địa T3,420321772424,420322475151,F2 - Arrival,10.811624083507,106.65431288015,1.2,1,1
420273120808,T3,Ga Nội Địa T3,420321772424,420322475151,F2 - Arrival,10.811841437739,106.65489626061,1.2,1,1
420273120909,T3,Ga Nội Địa T3,420321772424,420322475151,F2 - Arrival,10.811924427495,106.65513765942,1.2,1,1
420273121414,T3,Ga Nội Địa T3,420321772424,420322475151,F2 - Arrival,10.811979753986,106.65531334411,1.2,1,1
420273121515,T3,Ga Nội Địa T3,420321772424,420322475151,F2 - Arrival,10.811722880905,106.65459182989,1.2,1,1
420273121212,T3,Ga Nội Địa T3,420321772424,420322475151,F2 - Arrival,10.811521334179,106.65466022622,1.2,1,1
420273121313,T3,Ga Nội Địa T3,420321772424,420322475151,F2 - Arrival,10.8115471911,106.65413691276,1.2,1,1
420273118686,T3,Ga Nội Địa T3,420321772424,420322475151,F2 - Arrival,10.811495816427,106.65398000353,1.2,1,1
420273118787,T3,Ga Nội Địa T3,420321772424,420322475151,F2 - Arrival,10.811469470438,106.65390758389,1.2,1,1
420273118484,T3,Ga Nội Địa T3,420321772424,420322475151,F2 - Arrival,10.811414143853,106.65375268632,1.2,1,1
420273118585,T3,Ga Nội Địa T3,420321772424,420322475151,F2 - Arrival,10.811402288155,106.65372452312,1.2,1,1
420273119090,T3,Ga Nội Địa T3,420321772424,420322475151,F2 - Arrival,10.811333031205,106.65352421839,1.2,1,1
420273119191,T3,Ga Nội Địa T3,420321772424,420322475151,F2 - Arrival,10.811269744947,106.65336567709,1.2,1,1
420273118888,T3,Ga Nội Địa T3,420321772424,420322475151,F2 - Arrival,10.811251961391,106.65331739733,1.2,1,1
420273118989,T3,Ga Nội Địa T3,420321772424,420322475151,F2 - Arrival,10.811207831821,106.65318798074,1.2,1,1
420273119494,T3,Ga Nội Địa T3,420321772424,420322475151,F2 - Arrival,10.811397523059,106.65310952613,1.2,1,1
420273119595,T3,Ga Nội Địa T3,420321772424,420322475151,F2 - Arrival,10.811167654148,106.65308136293,1.2,1,1
420273119292,T3,Ga Nội Địa T3,420321772424,420322475151,F2 - Arrival,10.811359321361,106.65300357887,1.2,1,1
420273119393,T3,Ga Nội Địa T3,420321772424,420322475151,F2 - Arrival,10.811144601382,106.65290366658,1.2,1,1
420273119898,T3,Ga Nội Địa T3,420321772424,420322475151,F2 - Arrival,10.81117160605,106.6528936083,1.2,1,1
420273119999,T3,Ga Nội Địa T3,420321772424,420322475151,F2 - Arrival,10.811200586668,106.65288086781,1.2,1,1
420273119696,T3,Ga Nội Địa T3,420321772424,420322475151,F2 - Arrival,10.811377597779,106.65305441155,1.2,1,1
420273119797,T3,Ga Nội Địa T3,420321772424,420322475151,F2 - Arrival,10.81141552686,106.65316201505,1.2,1,1
420273117070,T3,Ga Nội Địa T3,420321772424,420322475151,F2 - Arrival,10.811454387201,106.65325924514,1.2,1,1
420273117171,T3,Ga Nội Địa T3,420321772424,420322475151,F2 - Arrival,10.811493906186,106.65335982797,1.2,1,1
420273116868,T3,Ga Nội Địa T3,420321772424,420322475151,F2 - Arrival,10.811534742466,106.65346510468,1.2,1,1
420273116969,T3,Ga Nội Địa T3,420321772424,420322475151,F2 - Arrival,10.811570968193,106.65357775746,1.2,1,1
420273117474,T3,Ga Nội Địa T3,420321772424,420322475151,F2 - Arrival,10.811607193915,106.65367498753,1.2,1,1
420273117575,T3,Ga Nội Địa T3,420321772424,420322475151,F2 - Arrival,10.811644114035,106.65378231229,1.2,1,1
420273117272,T3,Ga Nội Địa T3,420321772424,420322475151,F2 - Arrival,10.8116796811,106.65387887182,1.2,1,1
420273117373,T3,Ga Nội Địa T3,420321772424,420322475151,F2 - Arrival,10.811717224108,106.65397677245,1.2,1,1
420273117878,T3,Ga Nội Địa T3,420321772424,420322475151,F2 - Arrival,10.811760694953,106.65408339025,1.2,1,1
420273117979,T3,Ga Nội Địa T3,420321772424,420322475151,F2 - Arrival,10.811798237951,106.65417860867,1.2,1,1
420273117676,T3,Ga Nội Địa T3,420321772424,420322475151,F2 - Arrival,10.811844009269,106.65429368855,1.2,1,1
420273117777,T3,Ga Nội Địa T3,420321772424,420322475151,F2 - Arrival,10.811880678649,106.65438870215,1.2,1,1
420273118282,T3,Ga Nội Địa T3,420321772424,420322475151,F2 - Arrival,10.811920197578,106.6544933083,1.2,1,1
420273118383,T3,Ga Nội Địa T3,420321772424,420322475151,F2 - Arrival,10.811961033799,106.6545972439,1.2,1,1
420273118080,T3,Ga Nội Địa T3,420321772424,420322475151,F2 - Arrival,10.81199462488,106.6547025206,1.2,1,1
420273118181,T3,Ga Nội Địa T3,420321772424,420322475151,F2 - Arrival,10.812030850552,106.65480243289,1.2,1,1
420273115454,T3,Ga Nội Địa T3,420321772424,420322475151,F2 - Arrival,10.812073004055,106.65490569794,1.2,1,1
420273115555,T3,Ga Nội Địa T3,420321772424,420322475151,F2 - Arrival,10.812107012253,106.65500237478,1.2,1,1
420273115252,T3,Ga Nội Địa T3,420321772424,420322475151,F2 - Arrival,10.812416259668,106.6548972057,1.2,1,1
420273115353,T3,Ga Nội Địa T3,420321772424,420322475151,F2 - Arrival,10.812260160126,106.65495152043,1.2,1,1
420273115858,T3,Ga Nội Địa T3,420321772424,420322475151,F2 - Arrival,10.812378716747,106.654791929,1.2,1,1
420273115959,T3,Ga Nội Địa T3,420321772424,420322475151,F2 - Arrival,10.812340515174,106.65469536947,1.2,1,1
420273115656,T3,Ga Nội Địa T3,420321772424,420322475151,F2 - Arrival,10.812303630892,106.65458674001,1.2,1,1
420273115757,T3,Ga Nội Địa T3,420321772424,420322475151,F2 - Arrival,10.812279260918,106.65451499092,1.2,1,1
420273116262,T3,Ga Nội Địa T3,420321772424,420322475151,F2 - Arrival,10.812320755738,106.65449889766,1.2,1,1
420273116363,T3,Ga Nội Địa T3,420321772424,420322475151,F2 - Arrival,10.812374764861,106.65447609889,1.2,1,1
420273116060,T3,Ga Nội Địa T3,420321772424,420322475151,F2 - Arrival,10.812406232698,106.65446484941,1.2,1,1
420273116161,T3,Ga Nội Địa T3,420321772424,420322475151,F2 - Arrival,10.81243126131,106.65445479113,1.2,1,1
420273116666,T3,Ga Nội Địa T3,420321772424,420322475151,F2 - Arrival,10.812547183275,106.65440919358,1.2,1,1
420273116767,T3,Ga Nội Địa T3,420321772424,420322475151,F2 - Arrival,10.812480001233,106.65443601567,1.2,1,1
420273116464,T3,Ga Nội Địa T3,420321772424,420322475151,F2 - Arrival,10.812263931735,106.65447596916,1.2,1,1
420273116565,T3,Ga Nội Địa T3,420321772424,420322475151,F2 - Arrival,10.812223095555,106.65438209184,1.2,1,1
420273113838,T3,Ga Nội Địa T3,420321772424,420322475151,F2 - Arrival,10.812180942073,106.65428150901,1.2,1,1
420273113939,T3,Ga Nội Địa T3,420321772424,420322475151,F2 - Arrival,10.812145375068,106.65417824396,1.2,1,1
420273113636,T3,Ga Nội Địa T3,420321772424,420322475151,F2 - Arrival,10.812103221575,106.6540709556,1.2,1,1
420273113737,T3,Ga Nội Địa T3,420321772424,420322475151,F2 - Arrival,10.812069272024,106.6539715017,1.2,1,1
420273114242,T3,Ga Nội Địa T3,420321772424,420322475151,F2 - Arrival,10.81202711852,106.65386421334,1.2,1,1
420273114343,T3,Ga Nội Địa T3,420321772424,420322475151,F2 - Arrival,10.811988916903,106.65375960719,1.2,1,1
420273114040,T3,Ga Nội Địa T3,420321772424,420322475151,F2 - Arrival,10.811949397983,106.65365768325,1.2,1,1
420273114141,T3,Ga Nội Địa T3,420321772424,420322475151,F2 - Arrival,10.811912513653,106.65356112372,1.2,1,1
420273114646,T3,Ga Nội Địa T3,420321772424,420322475151,F2 - Arrival,10.811872994723,106.65345651757,1.2,1,1
420273114747,T3,Ga Nội Địa T3,420321772424,420322475151,F2 - Arrival,10.811833475787,106.65335057031,1.2,1,1
420273114444,T3,Ga Nội Địa T3,420321772424,420322475151,F2 - Arrival,10.811796591443,106.65325602245,1.2,1,1
420273114545,T3,Ga Nội Địa T3,420321772424,420322475151,F2 - Arrival,10.811790004952,106.65323724698,1.2,1,1
420273115050,T3,Ga Nội Địa T3,420321772424,420322475151,F2 - Arrival,10.811779466567,106.65320707213,1.2,1,1
420273115151,T3,Ga Nội Địa T3,420321772424,420322475151,F2 - Arrival,10.811766293585,106.65317287397,1.2,1,1
420273114848,T3,Ga Nội Địa T3,420321772424,420322475151,F2 - Arrival,10.811749168708,106.65312660586,1.2,1,1
420273114949,T3,Ga Nội Địa T3,420321772424,420322475151,F2 - Arrival,10.811755755199,106.65314471077,1.2,1,1
420273598686,T3,Ga Nội Địa T3,420321772424,420322475151,F2 - Arrival,10.811727433285,106.65307296168,1.2,1,1
420273598787,T3,Ga Nội Địa T3,420321772424,420322475151,F2 - Arrival,10.811803836582,106.65304345738,1.2,1,1
420273598484,T3,Ga Nội Địa T3,420321772424,420322475151,F2 - Arrival,10.811715248275,106.65303627877,1.2,1,1
420273598585,T3,Ga Nội Địa T3,420321772424,420322475151,F2 - Arrival,10.811690219603,106.65296385913,1.2,1,1
420273599090,T3,Ga Nội Địa T3,420321772424,420322475151,F2 - Arrival,10.811681657162,106.65293904869,1.2,1,1
420273599191,T3,Ga Nội Địa T3,420321772424,420322475151,F2 - Arrival,10.811599702132,106.65271517957,1.2,1,1
420273598888,T3,Ga Nội Địa T3,420321772424,420322475151,F2 - Arrival,10.811297796087,106.6528285029,1.2,1,1
420273598989,T3,Ga Nội Địa T3,420321772424,420322475151,F2 - Arrival,10.811513833256,106.65293579126,1.2,1,1
420273599494,T3,Ga Nội Địa T3,420321772424,420322475151,F2 - Arrival,10.811690710186,106.65267987618,1.2,1,1
420273599595,T3,Ga Nội Địa T3,420321772424,420322475151,F2 - Arrival,10.811735498333,106.65266244183,1.2,1,1
420273599292,T3,Ga Nội Địa T3,420321772424,420322475151,F2 - Arrival,10.811715080208,106.65260477433,1.2,1,1
420273599393,T3,Ga Nội Địa T3,420321772424,420322475151,F2 - Arrival,10.811778969176,106.65264634857,1.2,1,1
420273599898,T3,Ga Nội Địa T3,420321772424,420322475151,F2 - Arrival,10.811804656489,106.65263561974,1.2,1,1
420273599999,T3,Ga Nội Địa T3,420321772424,420322475151,F2 - Arrival,10.811840882184,106.65261952648,1.2,1,1
420273599696,T3,Ga Nội Địa T3,420321772424,420322475151,F2 - Arrival,10.811660052478,106.65287323933,1.2,1,1
420273599797,T3,Ga Nội Địa T3,420321772424,420322475151,F2 - Arrival,10.811465092208,106.65277332704,1.2,1,1
420273597070,T3,Ga Nội Địa T3,420321772424,420322475151,F2 - Arrival,10.811811655965,106.65281526983,1.2,1,1
420273597171,T3,Ga Nội Địa T3,420321772424,420322475151,F2 - Arrival,10.811938775198,106.65276631951,1.2,1,1
420273596868,T3,Ga Nội Địa T3,420321772424,420322475151,F2 - Arrival,10.811658782287,106.65269247924,1.2,1,1
420273597474,T3,Ga Nội Địa T3,420321772424,420322475151,F2 - Arrival,10.81145394227,106.65213390921,1.2,1,1
420273597575,T3,Ga Nội Địa T3,420321772424,420322475151,F2 - Arrival,10.811429572226,106.65206819509,1.2,1,1
420273597272,T3,Ga Nội Địa T3,420321772424,420322475151,F2 - Arrival,10.811416399229,106.65203667914,1.2,1,1
420273597373,T3,Ga Nội Địa T3,420321772424,420322475151,F2 - Arrival,10.811381735969,106.65194573365,1.2,1,1
420273597878,T3,Ga Nội Địa T3,420321772424,420322475151,F2 - Arrival,10.811342216969,106.65183710418,1.2,1,1
420273597979,T3,Ga Nội Địa T3,420321772424,420322475151,F2 - Arrival,10.811301118157,106.65172709871,1.2,1,1
420273597676,T3,Ga Nội Địa T3,420321772424,420322475151,F2 - Arrival,10.8112727962,106.65165467907,1.2,1,1
420273597777,T3,Ga Nội Địa T3,420321772424,420322475151,F2 - Arrival,10.81121054941,106.65148723438,1.2,1,1
420273598282,T3,Ga Nội Địa T3,420321772424,420322475151,F2 - Arrival,10.811173006339,106.65138329878,1.2,1,1
420273598383,T3,Ga Nội Địa T3,420321772424,420322475151,F2 - Arrival,10.811226357018,106.65136251166,1.2,1,1
420273598080,T3,Ga Nội Địa T3,420321772424,420322475151,F2 - Arrival,10.811271145235,106.65134440675,1.2,1,1
420273598181,T3,Ga Nội Địa T3,420321772424,420322475151,F2 - Arrival,10.811327130496,106.65132563128,1.2,1,1
420273595454,T3,Ga Nội Địa T3,420321772424,420322475151,F2 - Arrival,10.811394312797,106.6513001503,1.2,1,1
420273595555,T3,Ga Nội Địa T3,420321772424,420322475151,F2 - Arrival,10.811439100989,106.65128137484,1.2,1,1
420273595252,T3,Ga Nội Địa T3,420321772424,420322475151,F2 - Arrival,10.811452273985,106.65145773008,1.2,1,1
420273595353,T3,Ga Nội Địa T3,420321772424,420322475151,F2 - Arrival,10.811497062168,106.65144096627,1.2,1,1
420273595858,T3,Ga Nội Địa T3,420321772424,420322475151,F2 - Arrival,10.811385750347,106.6514798583,1.2,1,1
420273595959,T3,Ga Nội Địa T3,420321772424,420322475151,F2 - Arrival,10.811421317443,106.65160055771,1.2,1,1
420273595656,T3,Ga Nội Địa T3,420321772424,420322475151,F2 - Arrival,10.811488499722,106.65157306507,1.2,1,1
420273595757,T3,Ga Nội Địa T3,420321772424,420322475151,F2 - Arrival,10.811568196328,106.65176886632,1.2,1,1
420273596262,T3,Ga Nội Địa T3,420321772424,420322475151,F2 - Arrival,10.811497062168,106.65179904118,1.2,1,1
420273596363,T3,Ga Nội Địa T3,420321772424,420322475151,F2 - Arrival,10.811554364687,106.65195662096,1.2,1,1
420273596060,T3,Ga Nội Địa T3,420321772424,420322475151,F2 - Arrival,10.811498785376,106.6519783905,1.2,1,1
420273596161,T3,Ga Nội Địa T3,420321772424,420322475151,F2 - Arrival,10.811519203516,106.65203806965,1.2,1,1
420273596666,T3,Ga Nội Địa T3,420321772424,420322475151,F2 - Arrival,10.811628040436,106.6519348046,1.2,1,1
420273596767,T3,Ga Nội Địa T3,420321772424,420322475151,F2 - Arrival,10.81164582397,106.65199180154,1.2,1,1
420273596464,T3,Ga Nội Địa T3,420321772424,420322475151,F2 - Arrival,10.811608280953,106.65207629113,1.2,1,1
420273596565,T3,Ga Nội Địa T3,420321772424,420322475151,F2 - Arrival,10.811638578828,106.65216279237,1.2,1,1
420273593838,T3,Ga Nội Địa T3,420321772424,420322475151,F2 - Arrival,10.811612891499,106.6521721801,1.2,1,1
420273593939,T3,Ga Nội Địa T3,420321772424,420322475151,F2 - Arrival,10.811587862819,106.65218223838,1.2,1,1
420273593636,T3,Ga Nội Địa T3,420321772424,420322475151,F2 - Arrival,10.811701809162,106.65213798193,1.2,1,1
420273593737,T3,Ga Nội Địa T3,420321772424,420322475151,F2 - Arrival,10.811745938659,106.6522466114,1.2,1,1
420273594242,T3,Ga Nội Địa T3,420321772424,420322475151,F2 - Arrival,10.811787433553,106.65223320035,1.2,1,1
420273594343,T3,Ga Nội Địa T3,420321772424,420322475151,F2 - Arrival,10.811751207852,106.65211920647,1.2,1,1
420273594040,T3,Ga Nội Địa T3,420321772424,420322475151,F2 - Arrival,10.811823334597,106.65226191689,1.2,1,1
420273594141,T3,Ga Nội Địa T3,420321772424,420322475151,F2 - Arrival,10.811472274481,106.65218212117,1.2,1,1
420273594646,T3,Ga Nội Địa T3,420321772424,420322475151,F2 - Arrival,10.811371501051,106.65221900154,1.2,1,1
420273594747,T3,Ga Nội Địa T3,420321772424,420322475151,F2 - Arrival,10.811955792394,106.65281537798,1.2,1,1
420273594444,T3,Ga Nội Địa T3,420321772424,420322475151,F2 - Arrival,10.811979503746,106.65288042155,1.2,1,1
420273594545,T3,Ga Nội Địa T3,420321772424,420322475151,F2 - Arrival,10.812003873745,106.65294747678,1.2,1,1
420273595050,T3,Ga Nội Địa T3,420321772424,420322475151,F2 - Arrival,10.812049979142,106.6530604058,1.2,1,1
420273595151,T3,Ga Nội Địa T3,420321772424,420322475151,F2 - Arrival,10.812125065061,106.65327699418,1.2,1,1
420273594848,T3,Ga Nội Địa T3,420321772424,420322475151,F2 - Arrival,10.812195540423,106.65347748931,1.2,1,1
420273594949,T3,Ga Nội Địa T3,420321772424,420322475151,F2 - Arrival,10.812299606816,106.65374034579,1.2,1,1
420273592222,T3,Ga Nội Địa T3,420321772424,420322475151,F2 - Arrival,10.812404738413,106.65402595141,1.2,1,1
420273592323,T3,Ga Nội Địa T3,420321772424,420322475151,F2 - Arrival,10.812479165595,106.65422644653,1.2,1,1
420273592020,T3,Ga Nội Địa T3,420321772424,420322475151,F2 - Arrival,10.812601284306,106.654546177,1.2,1,1
420273592121,T3,Ga Nội Địa T3,420321772424,420322475151,F2 - Arrival,10.812648869221,106.65467617833,1.2,1,1
420273592626,T3,Ga Nội Địa T3,420321772424,420322475151,F2 - Arrival,10.812478938201,106.6548757626,1.2,1,1
420273592727,T3,Ga Nội Địa T3,420321772424,420322475151,F2 - Arrival,10.812491452504,106.65490727856,1.2,1,1
420273592424,T3,Ga Nội Địa T3,420321772424,420322475151,F2 - Arrival,10.81250330816,106.65494147673,1.2,1,1
420273592525,T3,Ga Nội Địa T3,420321772424,420322475151,F2 - Arrival,10.812542168359,106.65504876509,1.2,1,1
420273593030,T3,Ga Nội Địa T3,420321772424,420322475151,F2 - Arrival,10.812609350387,106.65522914364,1.2,1,1
420273593131,T3,Ga Nội Địa T3,420321772424,420322475151,F2 - Arrival,10.812652162456,106.65521506205,1.2,1,1
420273592828,T3,Ga Nội Địa T3,420321772424,420322475151,F2 - Arrival,10.812605398504,106.65509369209,1.2,1,1
420273593434,T3,Ga Nội Địa T3,420321772424,420322475151,F2 - Arrival,10.812743870661,106.65537104802,1.2,1,1
420273593535,T3,Ga Nội Địa T3,420321772424,420322475151,F2 - Arrival,10.812803148882,106.6553502609,1.2,1,1
420273593232,T3,Ga Nội Địa T3,420321772424,420322475151,F2 - Arrival,10.812819615052,106.65539787011,1.2,1,1
420273593333,T3,Ga Nội Địa T3,420321772424,420322475151,F2 - Arrival,10.812862094222,106.65527696882,1.2,1,1
420273590606,T3,Ga Nội Địa T3,420321772424,420322475151,F2 - Arrival,10.812937838583,106.65554472375,1.2,1,1
420273590707,T3,Ga Nội Địa T3,420321772424,420322475151,F2 - Arrival,10.813021486682,106.65576667655,1.2,1,1
420273590404,T3,Ga Nội Địa T3,420321772424,420322475151,F2 - Arrival,10.813097231004,106.65574119556,1.2,1,1
420273590505,T3,Ga Nội Địa T3,420321772424,420322475151,F2 - Arrival,10.813065615985,106.65564195383,1.2,1,1
420273591010,T3,Ga Nội Địa T3,420321772424,420322475151,F2 - Arrival,10.81305771223,106.65588201154,1.2,1,1
420273591111,T3,Ga Nội Địa T3,420321772424,420322475151,F2 - Arrival,10.812951011514,106.65592358578,1.2,1,1
420273590808,T3,Ga Nội Địa T3,420321772424,420322475151,F2 - Arrival,10.812879877682,106.65595376063,1.2,1,1
420273590909,T3,Ga Nội Địa T3,420321772424,420322475151,F2 - Arrival,10.812925324299,106.65607446003,1.2,1,1
420273591515,T3,Ga Nội Địa T3,420321772424,420322475151,F2 - Arrival,10.812972119737,106.65619724446,1.2,1,1
420273591212,T3,Ga Nội Địa T3,420321772424,420322475151,F2 - Arrival,10.813064291407,106.65616237574,1.2,1,1
420273591313,T3,Ga Nội Địa T3,420321772424,420322475151,F2 - Arrival,10.813145963532,106.656133542,1.2,1,1
420273591818,T3,Ga Nội Địa T3,420321772424,420322475151,F2 - Arrival,10.813125821275,106.65607855671,1.2,1,1
420273591919,T3,Ga Nội Địa T3,420321772424,420322475151,F2 - Arrival,10.813208810676,106.6560309475,1.2,1,1
420273591616,T3,Ga Nội Địa T3,420321772424,420322475151,F2 - Arrival,10.81299606796,106.65546391478,1.2,1,1
420273591717,T3,Ga Nội Địa T3,420321772424,420322475151,F2 - Arrival,10.812920323613,106.65549274853,1.2,1,1
420273589090,T3,Ga Nội Địa T3,420321772424,420322475151,F2 - Arrival,10.81291900632,106.65525805524,1.2,1,1
420273589191,T3,Ga Nội Địa T3,420321772424,420322475151,F2 - Arrival,10.812786618328,106.6553076761,1.2,1,1
420273588888,T3,Ga Nội Địa T3,420321772424,420322475151,F2 - Arrival,10.812831008981,106.65519443217,1.2,1,1
420273588989,T3,Ga Nội Địa T3,420321772424,420322475151,F2 - Arrival,10.812811249577,106.65513877634,1.2,1,1
420273589494,T3,Ga Nội Địa T3,420321772424,420322475151,F2 - Arrival,10.812769096178,106.65502545301,1.2,1,1
420273589292,T3,Ga Nội Địa T3,420321772424,420322475151,F2 - Arrival,10.812706216344,106.65483689705,1.2,1,1
420273589898,T3,Ga Nội Địa T3,420321772424,420322475151,F2 - Arrival,10.812440856164,106.65476736623,1.2,1,1
420273611414,T3,Ga Nội Địa T3,420321772424,420322472222,F4,10.811696470196,106.65258486666,1.2,1,1
420273611515,T3,Ga Nội Địa T3,420321772424,420322472222,F4,10.811981362414,106.65334928231,1.2,1,1
420273611212,T3,Ga Nội Địa T3,420321772424,420322472222,F4,10.812153883404,106.6538102513,1.2,1,1
420273611313,T3,Ga Nội Địa T3,420321772424,420322472222,F4,10.812282978435,106.65415089185,1.2,1,1
420273611818,T3,Ga Nội Địa T3,420321772424,420322472222,F4,10.812405448908,106.65418097176,1.2,1,1
420273611919,T3,Ga Nội Địa T3,420321772424,420322472222,F4,10.812423891044,106.65417292514,1.2,1,1
420273611616,T3,Ga Nội Địa T3,420321772424,420322472222,F4,10.812454847483,106.65416018465,1.2,1,1
420273611717,T3,Ga Nội Địa T3,420321772424,420322472222,F4,10.812472630967,106.65415347912,1.2,1,1
420273612222,T3,Ga Nội Địa T3,420321772424,420322472222,F4,10.812490414451,106.6541467736,1.2,1,1
420273612323,T3,Ga Nội Địa T3,420321772424,420322472222,F4,10.812361319509,106.65459159191,1.2,1,1
420273612020,T3,Ga Nội Địa T3,420321772424,420322472222,F4,10.812489755803,106.65470625634,1.2,1,1
420273612121,T3,Ga Nội Địa T3,420321772424,420322472222,F4,10.812433770759,106.65472704346,1.2,1,1
420273612626,T3,Ga Nội Địa T3,420321772424,420322472222,F4,10.812557596491,106.65482494409,1.2,1,1
420273612727,T3,Ga Nội Địa T3,420321772424,420322472222,F4,10.812931707967,106.65587704058,1.2,1,1
420273612424,T3,Ga Nội Địa T3,420321772424,420322472222,F4,10.813000865847,106.6560733822,1.2,1,1
420273612525,T3,Ga Nội Địa T3,420321772424,420322472222,F4,10.813005476372,106.65612501472,1.2,1,1
420273610303,T3,Ga Nội Địa T3,420321772424,420322475151,F2 - Arrival,10.811749337677,106.65466458056,1.2,1,1
420273610000,T3,Ga Nội Địa T3,420321772424,420322475151,F2 - Arrival,10.811852086926,106.65462300632,1.2,1,1
420273610404,T3,Ga Nội Địa T3,420321772424,420322475050,F1,10.811673413127,106.6545908162,1.2,1,1
420273610505,T3,Ga Nội Địa T3,420321772424,420322475050,F1,10.811686586113,106.65462501437,1.2,1,1
420273606969,T3,Ga Nội Địa T3,420321772424,420322475151,F2 - Arrival,10.811671370215,106.65206216031,1.2,1,1
420273618686,T3,Ga Nội Địa T3,420321772424,420322475050,F1,10.811755904756,106.65517066554,1.2,1,1
420273634141,SGN_CAMPUS,Khuôn Viên Sân Bay (Tổng quan),420321697474,420322445353,F1,10.811403613928,106.65478561971,6,4,1
